parcel_id,property_age,square_footage,assessed_value,lot_size,tax_delinquent_years,tax_amount_owed,num_code_violations,days_since_last_inspection,open_violations,vacant_mail_holds,delivery_issues,neighborhood_median_income,crime_incidents_nearby,distance_to_downtown,num_foreclosures_nearby,vacant_lots_nearby,utility_shutoffs,water_shutoffs,sidewalk_condition,building_material_quality,roof_condition,lot_condition,blight_level
PARL00000001,35,895,120525,2960,0,5749,0,130,1,1,0,49505,1,17.990733901941518,0,4,0,0,4,4,3,1,3
PARL00000002,22,1734,35603,2558,3,85,0,160,2,1,0,44282,5,1.282174830071017,1,2,0,0,5,2,3,4,1
PARL00000003,20,852,22866,4681,0,1398,0,420,1,1,0,47151,3,8.07908493476936,0,0,0,0,3,3,3,3,1
PARL00000004,20,2643,26013,2104,4,1755,1,565,0,0,0,26903,4,17.668580108937608,2,2,0,1,2,5,3,2,1
PARL00000005,69,1884,40547,3823,0,5056,1,553,1,0,0,40589,4,19.44049184976997,2,2,0,0,2,5,5,4,1
PARL00000006,43,872,45182,7957,1,100,1,285,1,0,0,35252,6,12.609561015413002,1,3,0,1,4,3,2,4,1
PARL00000007,16,1549,32338,5087,0,1704,0,666,0,0,1,54975,4,1.5500483417287934,2,3,1,0,2,4,5,1,1
PARL00000008,37,1241,21228,2377,5,3843,1,229,1,0,2,45614,2,13.605034693165775,0,1,1,0,5,5,1,3,3
PARL00000009,29,2120,41568,3353,0,553,1,52,1,1,0,35402,10,2.5899545496018983,1,1,0,1,3,3,3,4,2
PARL00000010,3,3534,69226,2561,0,4179,0,332,1,0,0,42600,1,20.44929945945501,1,1,0,0,4,2,3,4,2
PARL00000011,10,707,96377,2926,0,38,0,1217,1,0,0,29407,2,9.87783944394216,2,0,0,0,3,3,4,4,1
PARL00000012,31,1915,38332,3911,1,2636,0,630,1,2,2,40077,10,12.306899965270722,0,1,0,2,3,5,4,2,2
PARL00000013,65,1668,43027,1000,2,5409,5,345,0,0,0,53740,3,0.7109334611500733,1,1,1,1,3,3,4,2,1
PARL00000014,20,2529,28528,1000,0,2141,0,416,2,0,0,25015,7,6.992847509204316,0,0,2,0,4,4,1,4,2
PARL00000015,15,2011,58387,1518,2,1156,0,1066,1,0,0,44082,1,13.769310348407062,0,2,0,1,4,3,4,4,3
PARL00000016,27,1241,30371,4843,0,91,0,223,1,0,1,33750,1,15.820300262614879,3,1,0,0,3,1,2,2,2
PARL00000017,15,1541,94703,5326,0,5054,0,161,0,0,0,25026,2,0.2323967023110709,0,2,2,0,3,2,1,1,1
PARL00000018,19,1214,14347,5895,3,1270,0,1513,0,0,1,72979,1,22.395961580165512,0,5,0,1,5,5,2,4,1
PARL00000019,24,3096,44904,1574,2,58,0,796,1,0,0,63806,1,0.35444722783650046,0,2,0,1,5,3,3,2,1
PARL00000020,9,1827,76182,3591,0,2341,0,156,0,0,0,36029,4,7.626100342874026,0,0,2,1,3,1,4,2,1
PARL00000021,44,4677,69360,2439,0,1314,0,249,0,0,0,40653,2,9.45736506967023,0,3,0,0,1,5,2,2,1
PARL00000022,8,1754,516291,3023,0,265,0,214,2,1,2,15000,18,0.9084434969704943,3,1,0,1,2,3,1,3,1
PARL00000023,7,1268,79208,2403,0,482,0,64,0,1,1,21112,11,0.393621665149191,2,0,0,0,4,4,3,2,1
PARL00000024,29,848,26816,4078,2,133,0,1266,0,0,1,28079,8,12.29367000281656,2,3,1,0,1,3,5,3,1
PARL00000025,42,733,55471,1885,0,1708,0,207,0,0,0,44496,1,3.88478068085341,0,1,0,0,2,2,3,1,1
PARL00000026,28,818,14457,7366,3,1945,1,832,0,1,1,43279,4,0.9063576242987644,0,1,0,0,2,3,3,5,2
PARL00000027,22,2066,56135,7410,2,1409,0,83,2,1,0,49975,8,11.506356004639658,0,3,0,0,3,5,3,5,1
PARL00000028,19,2331,30747,4735,0,3397,0,317,0,0,1,55179,7,15.132447683542809,1,0,0,0,3,1,4,5,1
PARL00000029,17,820,124531,6787,0,3946,1,9,0,0,1,49170,4,7.081945680562925,1,5,1,0,2,4,5,4,1
PARL00000030,51,2828,38575,1000,1,1912,3,577,0,0,0,28778,0,1.4066149053697201,0,1,0,1,2,2,3,3,2
PARL00000031,31,1420,54534,7658,3,25,0,347,0,1,0,49860,4,0.12271618161875048,1,1,0,0,4,3,3,2,1
PARL00000032,18,1945,36010,4413,0,2376,0,392,0,0,1,54530,1,9.653210608301386,2,3,0,0,5,3,4,1,2
PARL00000033,14,4048,240645,1985,1,1082,0,21,0,1,1,38590,1,6.3905450631916505,0,1,0,1,1,4,5,1,1
PARL00000034,38,2831,46305,1816,2,1667,0,94,2,0,1,17303,3,8.41681815861639,3,5,0,0,2,3,1,2,1
PARL00000035,50,1580,259379,9451,0,2094,0,30,0,1,1,62761,3,13.421077529935292,0,4,0,1,3,3,3,3,1
PARL00000036,47,1157,114843,5961,0,862,0,136,2,1,1,46324,9,4.556509717012472,1,1,0,1,4,4,4,5,1
PARL00000037,12,616,88049,2960,0,4980,0,394,0,0,0,15000,9,1.0638223678639216,3,0,1,0,4,1,3,3,1
PARL00000038,19,1261,80417,1000,0,287,0,334,0,0,1,76053,3,22.505057429886353,0,0,0,0,4,1,3,3,1
PARL00000039,16,1626,82046,7924,0,2226,0,378,0,0,1,37818,12,6.304273039056106,0,0,0,0,4,1,3,3,1
PARL00000040,21,1103,12808,1213,3,8,0,318,0,0,0,81585,0,7.642209458672631,0,1,1,3,2,3,2,2,3
PARL00000041,44,1693,47901,2475,1,5171,0,127,1,0,0,50660,2,21.673778648435782,0,3,0,1,2,3,2,5,1
PARL00000042,61,1878,117727,2957,0,238,0,112,0,0,0,41959,4,21.457148320508093,0,2,0,1,3,4,5,3,1
PARL00000043,32,1615,57577,1791,0,199,0,58,0,1,1,47753,1,6.7908252127322175,0,2,0,0,4,3,3,2,1
PARL00000044,14,1306,19454,2853,3,809,0,756,1,0,0,34360,3,2.8261480164600026,3,0,2,0,3,2,4,5,1
PARL00000045,24,1967,57415,3315,0,935,0,383,1,0,0,45919,2,46.78205609566472,1,0,1,1,5,4,4,3,1
PARL00000046,69,2255,234048,2807,0,482,5,82,0,1,0,75159,0,9.135927638355875,0,2,0,1,4,2,3,3,3
PARL00000047,26,1048,162350,4228,1,1759,0,78,1,0,0,31520,3,4.199892369329127,1,1,1,0,4,5,4,3,2
PARL00000048,19,3660,56976,9685,0,1170,0,825,0,0,0,53000,4,6.564877745853762,1,3,0,1,1,2,2,4,1
PARL00000049,20,1721,128175,1000,0,69,0,543,0,0,0,34203,1,4.300561408159271,0,1,1,1,2,2,3,2,1
PARL00000050,32,1825,44658,3757,0,770,0,430,1,0,0,42478,4,17.535877601374317,0,2,0,0,4,3,3,4,3
PARL00000051,12,2576,15319,1226,6,3326,0,208,0,0,1,74649,3,5.26995636683557,1,2,1,1,2,1,3,5,3
PARL00000052,16,2031,28578,1000,4,2340,0,121,1,0,0,52896,2,13.876761487725856,1,4,1,0,1,1,2,3,2
PARL00000053,47,2911,209046,6437,0,2581,0,1553,1,0,4,56185,3,14.669471461101136,1,4,1,0,5,3,2,3,1
PARL00000054,31,2087,48088,4000,1,2395,0,638,3,0,1,46062,1,13.913290812669315,0,4,0,0,4,2,2,4,2
PARL00000055,26,1331,49280,1000,1,744,0,143,1,0,0,85432,2,10.24650286155046,0,1,1,0,2,1,3,2,1
PARL00000056,48,2166,47104,2851,1,209,0,752,1,0,1,30755,1,15.441428476839935,0,1,0,0,4,2,5,5,1
PARL00000057,13,1020,274665,1522,0,636,0,569,0,2,1,21309,11,3.9181194507239914,5,3,0,1,1,3,5,3,2
PARL00000058,19,1908,219864,2932,1,3565,0,141,0,0,0,70290,4,0.9742971866909275,0,2,0,0,2,3,2,3,2
PARL00000059,31,1778,353282,5461,0,7871,0,222,0,0,1,39276,6,14.784312776734888,0,2,0,2,3,2,2,3,1
PARL00000060,30,1629,52720,5075,1,1361,0,82,2,0,0,51153,0,5.515925639972758,2,2,0,0,4,3,1,3,1
PARL00000061,6,1695,75848,2417,0,19,0,47,1,0,1,70745,0,1.0900044154860977,1,2,0,0,1,4,2,1,1
PARL00000062,17,705,17795,6646,0,301,0,513,0,0,1,51353,2,0.9801666299935035,1,1,0,0,3,3,4,4,2
PARL00000063,22,1374,195154,8380,0,777,0,124,0,2,0,78462,0,1.387615053839501,0,1,0,0,2,3,5,3,1
PARL00000064,33,1893,23523,5525,0,1728,0,686,0,0,1,47042,6,11.121559979106092,2,1,1,1,5,2,2,4,2
PARL00000065,30,1958,71212,2093,0,156,1,2171,0,3,0,34378,5,9.926662193952353,1,1,1,0,3,3,2,2,3
PARL00000066,23,1081,24888,3008,0,5741,0,31,0,0,0,15000,6,1.8234266429216435,0,6,1,0,3,4,2,3,1
PARL00000067,3,3404,37380,9482,0,908,0,256,0,0,1,49508,4,15.014535580684626,0,1,0,0,1,3,2,4,1
PARL00000068,24,1172,30643,2569,1,4874,0,647,0,0,1,15000,12,2.6424321042081726,0,4,1,0,3,2,4,5,1
PARL00000069,26,2935,36816,5086,1,3033,0,622,0,0,1,49869,4,12.599734738563328,1,0,1,1,3,1,3,4,3
PARL00000070,109,2238,38898,1769,6,2816,6,570,1,0,0,66893,3,5.368047460700713,0,2,0,0,4,5,4,4,1
PARL00000071,21,1308,38614,6678,0,1866,0,171,0,2,0,44744,2,10.520685555721622,0,1,1,0,2,4,3,2,2
PARL00000072,31,4392,116618,1593,0,1971,0,241,1,1,1,47851,1,3.84221180502663,0,3,1,0,5,3,2,4,1
PARL00000073,54,995,24738,3112,7,2032,2,361,0,1,0,58734,2,3.4111478589980897,1,1,0,0,3,2,2,2,1
PARL00000074,42,2862,71427,4958,0,1981,0,1458,0,0,1,55043,3,14.728922134253487,0,1,0,0,2,4,1,2,1
PARL00000075,63,2981,158635,10786,0,1613,0,158,0,0,2,62407,3,0.2875235505512139,2,0,0,0,3,2,4,1,1
PARL00000076,6,1292,39713,3946,0,8597,0,1026,0,0,1,44712,0,29.427298532253094,0,4,0,1,3,3,4,4,1
PARL00000077,10,3627,33713,2700,0,2635,0,125,0,0,0,15000,9,8.357074737937573,6,4,0,0,5,4,4,1,2
PARL00000078,15,1595,49790,2538,1,3000,0,1806,1,0,0,62640,2,4.531882065277894,0,2,0,0,4,3,1,1,1
PARL00000079,5,2088,153857,6478,0,4118,0,443,0,1,0,41417,1,7.912064196546168,0,0,2,0,3,1,4,2,1
PARL00000080,26,2059,69932,4675,1,485,0,249,0,0,0,31820,1,1.0476235536490508,0,3,0,0,2,2,1,3,2
PARL00000081,11,1690,39145,5385,2,175,0,380,0,0,0,50039,3,5.773236748876555,1,1,0,0,2,5,1,4,1
PARL00000082,68,2711,88176,9039,0,1319,1,127,1,0,0,47798,1,33.648749313299504,1,1,1,0,3,3,3,3,1
PARL00000083,12,2688,24789,3490,0,1443,0,128,2,0,1,33758,5,2.145853708243077,1,0,2,0,4,4,3,3,2
PARL00000084,19,754,103268,4439,1,3534,1,48,0,1,0,25716,0,10.249080177820886,2,5,1,0,4,3,4,2,3
PARL00000085,44,3470,83024,2510,2,1173,1,48,0,0,0,52026,0,4.567031094993653,1,4,1,0,2,5,3,2,1
PARL00000086,7,787,46805,1710,1,1691,0,170,0,0,0,32251,7,8.454961481785878,0,2,0,0,2,5,2,1,2
PARL00000087,5,3029,30611,2017,1,1497,0,575,0,0,0,46715,2,1.8341705894839635,1,2,1,1,3,3,2,3,1
PARL00000088,28,3175,29456,1000,0,77,0,374,0,0,0,50601,1,5.086047865639889,3,3,0,0,5,3,2,3,1
PARL00000089,30,1047,91844,4923,0,1910,0,43,0,1,3,59522,0,31.333355812311048,0,2,0,1,3,3,1,2,3
PARL00000090,43,1472,160040,4565,0,3521,0,764,0,0,0,76786,0,1.7381581962891235,0,3,1,0,3,3,2,4,1
PARL00000091,36,1040,35959,4848,0,342,0,367,1,1,0,48558,2,8.094598106523762,0,2,3,0,3,3,4,5,1
PARL00000092,31,1623,86397,1609,0,1804,0,1296,4,0,1,38619,3,6.856588541986845,1,1,0,0,2,4,2,1,1
PARL00000093,14,1549,11275,2047,3,1800,0,443,0,1,0,69876,2,6.660222752792367,1,1,0,1,3,2,4,1,2
PARL00000094,29,2669,37507,1990,0,358,0,77,1,0,0,60721,0,7.638657830729503,0,2,0,0,4,3,3,4,1
PARL00000095,31,3481,58404,7128,0,263,2,256,2,2,0,47525,0,5.58106539984076,0,0,1,0,5,3,2,2,2
PARL00000096,13,3633,28918,3838,2,7829,1,418,0,0,3,48547,4,0.13660571175218533,0,1,0,0,3,2,3,2,1
PARL00000097,81,1365,28305,3462,0,1000,1,11,0,1,1,45403,5,18.428429412406935,0,0,0,0,2,3,4,2,1
PARL00000098,35,1628,35093,5738,3,516,0,6,0,0,1,47433,2,14.03473045989886,0,0,0,0,3,5,3,5,1
PARL00000099,10,779,75641,1996,0,375,0,55,0,0,0,43472,2,1.5309082368450597,0,2,0,0,4,3,1,3,1
PARL00000100,43,1208,51541,4361,1,2202,0,115,1,0,1,30377,3,4.265567570528176,1,3,0,0,1,5,5,1,1
PARL00000101,48,2929,9990,11713,0,1880,1,224,0,2,2,45133,1,11.776525566087672,1,5,0,0,4,4,1,1,3
PARL00000102,33,4055,10975,7899,6,2063,0,267,2,1,0,71359,0,31.321149111264003,0,2,1,3,4,4,5,2,3
PARL00000103,20,975,36846,4313,0,184,0,59,0,0,0,32759,9,24.149886124549568,3,0,0,0,3,3,1,2,1
PARL00000104,13,1344,86348,3562,0,4479,0,447,2,1,1,40930,2,18.36958026974692,1,3,0,0,3,2,4,3,1
PARL00000105,23,1784,6647,4818,3,986,0,362,0,0,0,31621,5,1.3793553753044219,0,1,2,0,4,3,3,4,1
PARL00000106,32,2079,40143,8640,1,751,0,139,1,0,0,62359,0,19.671582301025673,1,3,1,0,3,2,3,2,1
PARL00000107,25,1206,39300,8234,0,1241,1,5,0,1,0,57445,1,16.859101820825558,3,1,0,0,1,5,1,2,1
PARL00000108,65,2235,181801,9617,1,988,0,32,0,0,1,25825,2,3.7850269121171887,2,1,0,0,2,2,2,2,1
PARL00000109,39,1426,44001,4000,0,3983,0,198,2,0,0,15000,6,4.013904257495217,0,1,0,0,2,2,4,1,1
PARL00000110,11,1795,81339,1000,0,5297,0,66,0,0,1,57985,3,4.928139924798646,0,3,0,0,4,3,4,5,1
PARL00000111,9,2375,67037,11174,0,723,0,189,3,0,0,24910,4,8.540994456970585,7,2,2,0,3,3,3,1,1
PARL00000112,35,1813,10889,1706,3,3989,2,395,0,1,0,57423,4,2.417879532885183,1,2,0,0,3,1,2,2,1
PARL00000113,20,1453,110698,5673,0,3042,1,316,0,0,0,35428,3,0.18572674981135556,0,2,0,0,4,2,1,1,3
PARL00000114,41,1711,71133,1000,0,5341,0,105,1,0,0,55424,1,1.2180287397284766,1,1,0,0,3,4,3,3,3
PARL00000115,35,1729,89914,3407,0,564,0,168,0,0,4,51661,2,4.6402039559317885,1,1,0,1,4,3,2,5,1
PARL00000116,23,1502,1384694,2572,0,1720,0,380,0,2,0,36953,4,2.650314308226727,0,1,0,1,3,2,1,1,2
PARL00000117,11,1588,11301,9631,6,641,0,788,0,0,0,31815,1,11.568917526955856,1,0,1,0,3,3,3,3,2
PARL00000118,5,4021,237936,4353,0,3475,0,559,1,0,1,53636,3,0.9025735429166231,0,2,0,0,3,2,3,1,1
PARL00000119,29,2393,47574,3380,2,10,1,322,2,0,0,34611,3,19.956284528196825,0,2,0,1,5,2,1,4,1
PARL00000120,7,1559,75347,4708,0,1663,0,179,3,0,0,61634,0,18.055326345002236,3,3,0,0,4,5,1,3,1
PARL00000121,11,2561,57733,1000,0,828,0,181,0,1,0,32514,7,19.153815963427228,1,2,0,0,1,3,3,3,1
PARL00000122,28,1530,42642,1957,1,779,0,846,0,1,0,50255,2,10.764598131832788,1,1,0,0,5,1,1,3,2
PARL00000123,26,3250,37954,2224,1,2070,1,16,1,0,1,39146,1,0.9053493293790325,1,0,0,0,4,5,4,5,3
PARL00000124,8,2175,77933,5250,0,3814,0,1768,1,0,1,45085,2,4.611985983743699,0,1,0,0,2,4,2,3,2
PARL00000125,52,1713,17787,1382,3,1879,1,436,0,0,3,34492,0,1.127029946732417,1,2,1,0,1,2,1,3,3
PARL00000126,51,2261,109148,3873,0,3837,0,457,1,0,0,42320,7,35.18472311661594,2,0,1,0,3,3,4,3,2
PARL00000127,36,824,42917,3133,0,614,2,15,1,0,0,15000,6,3.240182728165457,6,2,1,1,3,4,3,3,3
PARL00000128,36,1029,24244,2050,0,1465,0,372,0,0,0,32806,5,7.042188500779221,3,1,0,0,3,3,2,2,1
PARL00000129,36,995,41772,2167,1,1197,0,265,0,0,1,36185,3,12.090981495291567,0,2,0,1,2,3,3,2,1
PARL00000130,48,1941,163688,3111,0,23,0,44,0,0,0,43921,8,20.267676026887617,0,3,0,0,3,3,1,1,1
PARL00000131,39,4299,39016,1000,2,1627,0,130,0,0,0,64397,0,11.269881494687501,0,1,0,0,2,3,3,3,1
PARL00000132,12,5517,79758,5793,0,2166,0,884,0,0,0,34534,5,8.979235412110116,0,0,2,0,1,3,2,3,1
PARL00000133,20,2487,33364,1695,0,1792,0,319,0,0,2,66209,0,5.0186025965636505,0,4,0,0,3,3,4,1,2
PARL00000134,101,2322,109791,2706,0,2665,4,213,0,0,0,32078,3,7.43906419476675,1,0,0,1,3,1,3,3,4
PARL00000135,3,734,103611,9398,0,1694,0,30,0,0,1,28378,2,0.7911743500766325,0,3,1,0,3,4,3,4,1
PARL00000136,16,1378,262731,5862,0,138,0,500,1,0,0,16736,3,17.227980552022576,6,0,0,2,5,2,4,2,1
PARL00000137,52,1219,52028,1156,1,247,1,485,1,0,2,54101,3,6.278193846946776,0,1,0,0,2,3,3,2,2
PARL00000138,13,1325,102224,1000,0,1815,0,380,2,0,0,46290,2,0.32770145562133207,1,1,1,0,1,3,3,4,1
PARL00000139,40,1662,64760,4854,0,643,0,285,3,0,0,53213,1,20.19604770269359,0,1,0,0,1,4,2,3,1
PARL00000140,25,1427,168838,2793,0,165,1,227,0,0,0,46974,5,5.3758144823962075,0,3,1,1,3,3,1,1,2
PARL00000141,14,672,33689,3890,3,1122,0,359,0,1,0,44862,1,16.235412318590235,1,0,0,0,4,4,4,3,2
PARL00000142,2,2627,108662,5727,0,1616,0,106,1,0,0,49266,1,15.553019348013098,1,0,1,0,3,2,4,3,1
PARL00000143,28,1057,51238,6367,1,797,0,1133,0,1,0,77287,3,13.531762909823254,0,1,0,0,3,3,2,3,3
PARL00000144,12,2037,56877,2372,0,2549,0,355,0,0,0,37890,7,0.5069527394745568,0,2,0,0,3,4,4,3,1
PARL00000145,22,5100,64434,3071,2,2064,0,149,1,0,0,75814,3,2.270228493109059,0,3,1,1,3,4,3,3,1
PARL00000146,36,1141,73261,4455,1,809,0,238,2,0,0,57785,3,16.670673238543383,0,4,0,0,3,3,3,4,1
PARL00000147,45,510,54557,4668,2,2811,1,655,1,1,0,50477,2,18.34036969697505,1,2,0,1,3,3,1,2,1
PARL00000148,16,1567,71094,3862,0,2092,0,70,1,0,1,53317,2,4.90093070364235,3,1,0,0,2,2,2,4,1
PARL00000149,14,3135,211608,8713,0,2029,0,138,1,0,0,15000,18,4.639140379017896,3,1,1,0,4,3,3,5,3
PARL00000150,7,4813,131710,4631,0,1612,0,455,0,0,1,41075,4,1.5403389799589173,1,5,2,0,3,3,1,2,1
PARL00000151,47,977,120009,5668,1,22,1,151,0,0,1,34946,3,27.63951704769066,1,0,1,0,2,2,3,4,1
PARL00000152,92,2317,41588,4107,0,2384,0,629,0,0,1,76685,1,1.9176239959087775,2,2,0,1,3,5,5,2,1
PARL00000153,50,1432,29395,1372,1,943,0,55,0,1,1,39879,6,1.6950257959625872,0,2,0,0,5,4,4,2,1
PARL00000154,58,1714,128571,1951,0,5715,0,575,1,0,2,44553,2,8.647647943560045,0,4,1,0,1,1,3,5,3
PARL00000155,13,6782,120672,1109,0,3407,0,28,0,1,0,44309,2,2.225490962717856,2,4,0,0,2,3,3,1,1
PARL00000156,34,852,194490,6862,0,1771,0,5,0,0,0,25402,7,22.345154597643727,0,1,1,0,3,4,1,2,1
PARL00000157,43,2052,36931,1000,0,581,2,913,2,1,0,36596,1,0.08773530134706435,0,4,0,0,3,2,5,3,1
PARL00000158,9,2284,49829,2973,0,455,0,348,0,1,0,57253,3,0.04615900871891843,0,0,0,1,2,3,5,3,3
PARL00000159,71,3111,16129,2480,6,832,1,173,0,0,2,15000,15,5.623589291133909,3,2,0,0,5,3,3,3,2
PARL00000160,6,1898,43740,2427,0,1294,0,105,0,1,0,49670,4,5.356421227222086,0,2,0,0,3,2,1,2,1
PARL00000161,64,2109,132887,2604,0,702,1,383,0,0,0,31477,1,1.42692972607976,1,3,0,1,4,3,2,1,4
PARL00000162,6,1486,41225,9817,1,1446,0,284,1,0,1,64498,1,5.457967532067487,0,1,0,0,3,5,2,2,1
PARL00000163,10,2068,99945,1000,0,361,0,1911,1,1,2,50923,1,4.243617162869336,2,2,0,0,4,3,3,3,2
PARL00000164,35,1522,51410,7994,1,7607,0,1634,2,0,0,22203,5,17.6822007533268,5,4,1,0,3,3,2,3,4
PARL00000165,26,2467,77594,2787,0,228,0,403,0,0,0,38757,4,0.07437602989557175,0,1,0,0,2,3,3,3,1
PARL00000166,18,1502,23905,6081,0,5374,0,233,0,0,1,51803,5,29.928055940084626,0,3,0,2,5,4,3,3,2
PARL00000167,70,2183,64097,3543,0,4897,2,270,0,0,1,40440,2,7.833690139564154,1,3,0,0,1,4,1,2,1
PARL00000168,7,1781,5470,1225,0,1490,0,458,1,0,1,47176,2,1.3175203539625833,0,2,0,0,5,2,4,4,1
PARL00000169,22,3174,51559,8510,2,2581,0,42,0,0,1,44711,5,0.3831086817250372,1,1,0,0,3,4,2,1,1
PARL00000170,38,1762,16246,7645,0,1145,0,159,0,0,1,58002,4,6.179352897887764,1,6,0,0,5,2,4,2,4
PARL00000171,30,745,157124,1315,0,1988,0,31,0,0,0,51593,6,2.1418870525464047,1,0,0,0,3,1,2,4,3
PARL00000172,14,3398,111516,5119,0,832,0,30,1,0,2,44276,4,2.86673107631073,0,1,0,0,4,3,2,2,1
PARL00000173,15,1149,86971,2030,0,716,0,87,1,0,1,45268,6,2.249700782540643,0,0,0,0,1,3,1,3,1
PARL00000174,45,1303,202158,1000,0,1726,0,265,1,0,1,28757,2,8.402516561784486,2,0,0,0,3,3,5,2,1
PARL00000175,46,1342,28025,1699,4,1378,2,614,1,0,1,67010,3,6.451045964249362,1,2,0,0,4,3,3,3,1
PARL00000176,31,3594,242289,8180,0,1732,0,265,0,0,0,89433,2,0.649458524762727,0,0,0,0,4,1,3,2,1
PARL00000177,12,621,126216,6184,0,675,0,163,0,1,0,40044,8,5.981275233591235,2,2,0,0,2,2,1,5,2
PARL00000178,15,8680,49550,2629,0,914,0,34,0,0,0,45715,2,12.530635269387492,3,1,1,0,3,3,3,2,2
PARL00000179,24,3065,148523,8206,0,175,0,319,1,1,1,60225,0,0.6774473676992991,0,1,1,0,3,2,2,3,2
PARL00000180,27,2021,24710,7254,2,107,0,126,0,0,2,60142,0,17.639238246512036,0,2,1,1,2,1,5,4,1
PARL00000181,37,1759,30958,1702,0,584,0,381,0,1,1,47674,8,6.907815092389596,0,1,2,0,3,1,5,3,2
PARL00000182,21,2085,36795,9559,0,154,0,1512,1,0,0,30357,9,24.066402454904065,0,3,0,0,4,4,4,3,2
PARL00000183,44,2346,39215,2460,1,219,1,47,2,0,0,72272,1,1.2826761151285038,0,0,1,0,3,5,5,3,1
PARL00000184,44,2496,25713,2745,2,3352,0,95,0,0,0,55218,2,40.36802669951309,0,4,0,0,3,2,1,3,1
PARL00000185,59,2387,159287,1000,0,79,3,256,0,1,1,48308,1,8.268730555736314,0,1,1,0,5,2,2,4,2
PARL00000186,25,1890,48674,1997,1,2151,0,1384,1,0,1,34157,8,6.705276328765271,0,2,0,0,1,3,2,1,2
PARL00000187,31,1638,79380,2991,0,636,0,591,0,2,1,45869,1,5.793464790971036,2,2,0,0,3,5,1,4,4
PARL00000188,22,1676,37938,4192,0,4104,1,914,1,0,0,17783,12,0.1915090346637641,3,2,0,0,4,2,5,3,2
PARL00000189,12,1640,13953,1229,3,1327,0,162,0,0,1,56113,1,22.459322010890812,2,1,1,0,4,4,1,4,3
PARL00000190,91,3187,74313,1772,0,729,5,1933,0,1,1,59771,2,8.262472180481398,1,3,1,0,4,3,4,1,1
PARL00000191,54,2432,12967,9698,3,1458,0,43,0,0,0,48446,4,0.7687969942628303,0,2,0,0,4,5,4,4,2
PARL00000192,43,415,56675,6931,0,962,0,21,0,0,1,30596,7,0.1693982557630694,3,2,0,1,1,2,2,1,2
PARL00000193,24,2509,20037,7813,0,1661,1,774,0,0,1,51778,0,0.4169481455854657,2,2,0,1,3,5,1,4,1
PARL00000194,11,1992,293555,3191,0,243,0,1048,1,0,0,56810,6,7.520483314326014,0,1,1,0,4,3,1,3,3
PARL00000195,49,1791,124130,4284,0,11611,0,37,2,0,0,33851,5,7.615662762198347,1,0,1,0,1,5,2,3,1
PARL00000196,22,1488,65160,5200,0,1108,0,48,1,0,0,59009,5,5.539855883313464,0,1,0,0,1,3,3,3,1
PARL00000197,33,3171,164549,9605,0,856,0,13,2,0,0,52867,3,2.931099325912076,2,3,0,1,4,3,3,2,1
PARL00000198,15,2903,30422,1000,1,2477,0,44,0,0,0,40889,4,6.069899322658961,1,2,1,0,4,4,3,3,1
PARL00000199,30,1228,92483,2173,0,904,0,93,0,0,0,36635,3,5.810353309077326,0,2,0,0,3,4,4,2,3
PARL00000200,16,2216,70252,4002,0,3582,0,1403,0,0,1,42316,1,0.15685214080832005,2,2,1,0,5,3,2,3,1
PARL00000201,16,1112,73955,3560,0,1211,0,440,0,1,0,30439,5,2.6555155816551923,1,3,0,0,4,3,2,4,2
PARL00000202,29,907,165691,1752,0,2542,0,603,0,0,0,48903,2,0.43721535421646607,0,2,0,0,5,4,4,1,2
PARL00000203,6,1321,107580,4886,0,227,0,598,1,0,0,53377,4,18.433070448863145,0,2,1,0,5,5,2,3,1
PARL00000204,6,2782,75431,2246,0,3743,0,306,2,0,0,62528,1,10.334368094381043,0,0,0,0,3,1,2,3,1
PARL00000205,13,2911,15932,3366,0,2661,0,638,1,0,0,49461,4,44.40540883057235,0,2,0,0,4,3,4,2,1
PARL00000206,21,2336,27776,4732,6,475,1,362,0,0,0,50869,2,2.878252553821797,0,2,0,1,3,4,5,5,1
PARL00000207,45,2598,54275,2336,0,313,0,151,1,0,2,40979,2,16.861796348941883,0,2,1,0,4,3,5,3,1
PARL00000208,22,2340,64517,5831,0,760,0,329,1,0,0,31888,7,7.391645621460802,0,2,1,1,4,4,1,2,1
PARL00000209,24,1311,24241,6583,0,7465,0,305,2,0,1,38551,1,4.828286127382729,1,1,0,0,2,4,3,1,1
PARL00000210,19,2243,412231,1812,0,593,0,693,0,0,2,66421,2,2.014125385295626,0,2,2,0,2,4,1,3,1
PARL00000211,31,2697,201413,2232,0,1218,0,1600,0,1,0,54511,2,10.72726968508456,1,2,0,0,2,4,5,2,2
PARL00000212,12,2636,96925,1409,0,60,0,211,1,0,2,51110,3,18.758994382086616,0,1,1,0,4,5,2,2,2
PARL00000213,22,3276,63426,3309,0,1012,0,576,0,0,1,17769,0,2.1462612894024184,6,2,0,0,4,4,2,1,1
PARL00000214,33,2576,50525,4190,2,1694,0,42,0,0,0,49692,0,1.542761103293456,0,4,2,0,3,4,4,3,3
PARL00000215,29,2155,27958,2524,0,6120,1,599,1,2,2,25054,2,9.531662621698372,0,3,0,0,3,1,5,3,3
PARL00000216,25,3087,63702,4104,0,1454,0,185,1,0,1,26124,11,30.168759242067786,2,1,0,0,4,2,3,1,3
PARL00000217,25,1784,73585,2183,0,3419,0,16,0,0,0,27804,6,11.088918253292471,0,1,3,1,3,3,1,3,1
PARL00000218,35,1163,22172,2243,0,1584,0,180,0,1,0,33407,3,2.679092233494031,0,3,0,0,1,4,3,5,3
PARL00000219,94,1666,78224,4350,0,83,1,377,0,0,0,57500,2,4.357202587817992,1,0,1,0,3,3,4,5,2
PARL00000220,12,1245,52880,2369,0,756,0,50,1,0,1,48398,1,3.8801927233242925,0,2,0,1,5,1,3,4,1
PARL00000221,95,1290,13013,3172,3,1713,1,1030,0,0,2,30852,5,15.28948180182833,0,2,0,0,4,3,1,4,1
PARL00000222,12,1682,30082,4463,0,6015,0,32,0,0,0,36288,4,11.805229674678547,4,3,0,0,3,4,2,2,1
PARL00000223,2,1216,43006,4061,0,3919,0,1063,0,0,2,52474,3,7.112818374682667,0,1,1,0,1,4,4,2,1
PARL00000224,16,1550,271074,2209,0,518,0,491,0,0,0,55467,5,2.5722178101224347,0,2,1,0,3,5,3,3,1
PARL00000225,32,701,93455,7045,0,497,0,160,0,0,0,47004,5,22.243486994505623,1,1,1,0,4,3,4,3,1
PARL00000226,81,2011,20570,5036,2,449,3,198,2,1,0,27787,6,8.474714725089976,2,3,0,0,3,3,2,4,3
PARL00000227,11,1809,88329,4002,1,5114,0,540,0,1,0,38812,0,28.180589462252314,1,1,0,1,3,3,3,2,3
PARL00000228,35,1201,17364,1236,0,3830,0,367,0,1,2,80714,3,6.942234053079592,0,0,0,0,2,3,5,3,2
PARL00000229,7,2513,142365,3626,0,2982,0,445,0,0,0,26836,11,13.771575325926484,0,1,0,0,5,3,2,3,1
PARL00000230,79,2889,41072,1963,2,997,3,197,2,0,0,50623,4,13.417682777136331,2,2,1,0,2,3,3,3,1
PARL00000231,55,809,55552,4778,0,1403,0,267,1,0,1,76812,3,3.2918104356137703,1,1,0,0,2,1,2,3,1
PARL00000232,16,1234,172929,1000,0,1248,0,1836,0,0,1,40897,5,26.598497151758394,0,3,0,1,4,3,1,2,1
PARL00000233,61,1230,21381,2714,2,584,1,96,0,1,1,72507,0,0.17748609324767342,0,1,0,0,5,2,4,5,3
PARL00000234,22,1130,19580,2128,2,1406,0,216,0,0,0,34684,5,11.712694989662802,0,4,1,0,3,1,4,3,1
PARL00000235,57,2737,37538,5846,0,61,0,138,1,0,1,15376,9,26.94761588186982,0,2,0,0,3,3,3,3,1
PARL00000236,25,1641,137407,1000,1,282,0,579,0,0,0,36310,3,3.310900586051666,0,2,1,0,3,2,2,2,1
PARL00000237,25,1584,17756,3452,0,4353,0,577,4,0,0,33634,8,8.355506580851563,5,0,1,0,1,3,2,3,2
PARL00000238,17,663,6212,4992,12,2786,1,138,2,0,0,19947,15,6.608369611112031,0,2,0,0,2,2,5,2,4
PARL00000239,39,2484,41734,10792,0,1099,0,33,1,1,0,38738,4,11.467332941298405,0,6,0,0,3,3,2,2,1
PARL00000240,27,972,93096,2237,1,1456,0,4,1,0,1,59864,1,16.08995307819215,1,1,0,0,2,5,4,2,1
PARL00000241,36,1863,156405,4243,0,924,0,223,0,0,0,36088,4,7.39145015868253,0,0,1,1,4,3,2,1,2
PARL00000242,5,2077,41335,1000,1,2700,0,211,0,2,0,39359,1,13.538408828001845,1,1,0,0,2,3,5,3,2
PARL00000243,58,3570,43081,3318,0,3066,1,1782,1,0,0,65557,4,2.9950528676258994,0,0,0,2,3,5,5,2,2
PARL00000244,68,939,150711,7396,0,2881,1,253,0,0,0,33775,1,2.0762516557949526,0,0,0,0,3,3,1,4,1
PARL00000245,27,399,13416,10861,3,2564,1,118,0,1,0,54283,1,4.5063279192535575,1,3,1,0,3,2,4,1,1
PARL00000246,89,1982,43878,4538,1,457,3,887,1,0,1,19388,12,9.059088432834676,0,2,2,0,3,2,2,1,2
PARL00000247,76,4448,69726,1000,0,824,1,270,2,0,0,30507,11,1.658623726463236,0,0,1,0,4,3,2,4,1
PARL00000248,39,3359,85765,8201,0,1269,0,365,0,1,3,41798,1,9.124283918147912,2,4,0,1,3,3,3,1,1
PARL00000249,61,2007,39821,1000,0,803,2,40,2,0,1,63136,2,4.008238723617193,0,2,0,0,4,1,3,1,1
PARL00000250,51,1414,61546,1121,0,2812,1,193,0,0,0,31311,5,12.70044367003715,0,4,0,0,3,4,2,2,1
PARL00000251,4,2706,8179,8669,0,799,0,1154,1,0,0,31131,9,0.3002511251985408,0,0,1,1,2,1,3,4,4
PARL00000252,20,1111,35362,3135,1,297,2,356,1,1,2,49085,2,8.820544125907405,1,0,0,0,3,5,2,4,3
PARL00000253,41,2294,86060,2030,1,1018,1,168,0,0,1,51493,0,8.39451714973851,3,1,0,0,3,5,1,2,1
PARL00000254,71,2327,27286,5482,0,7815,2,393,1,0,1,29466,0,22.63299846123136,0,4,0,0,4,5,3,3,3
PARL00000255,6,3072,62767,3775,0,512,0,965,1,0,1,37171,3,9.996436467409,0,3,0,0,4,4,3,3,1
PARL00000256,4,7185,85604,6952,0,1894,0,128,0,0,0,61299,4,12.728930125410194,0,0,1,0,2,2,3,5,1
PARL00000257,23,2199,45522,3907,0,1134,1,281,1,0,0,27299,4,18.796660252120514,2,5,2,0,1,4,3,1,1
PARL00000258,2,1401,68622,3974,1,147,0,1274,0,0,0,50122,1,8.992718864034373,3,1,0,0,2,2,4,4,2
PARL00000259,23,1785,27717,6785,0,1338,0,75,1,0,0,37236,6,2.741653757035588,0,0,0,2,5,4,3,2,3
PARL00000260,32,746,50752,3102,1,2422,0,508,1,1,1,66038,3,16.307858698997787,0,4,1,0,1,3,1,2,3
PARL00000261,10,1277,97555,1526,1,1439,1,381,0,0,1,53706,1,11.013227697592905,0,2,0,0,3,3,3,2,1
PARL00000262,23,1473,67885,5704,0,4113,0,455,1,1,0,58208,1,4.419261089559364,0,1,0,1,3,5,3,4,2
PARL00000263,48,1391,37450,2635,1,681,1,173,1,1,0,36936,8,9.917606049049041,0,4,0,0,3,1,3,3,3
PARL00000264,16,1951,71637,4142,0,180,0,150,1,1,0,57367,2,16.180793109521932,1,0,0,0,2,2,3,3,1
PARL00000265,12,1198,106052,1000,0,5515,0,461,0,0,0,56977,3,29.72248771802957,0,3,0,0,2,3,2,3,2
PARL00000266,22,3166,11614,3003,6,950,0,97,0,2,0,52792,5,24.351233696035937,2,0,0,0,3,4,1,3,1
PARL00000267,9,1808,151336,2155,0,1717,0,217,1,0,0,40760,1,3.148227002922731,0,1,0,1,1,3,3,4,2
PARL00000268,85,1799,45752,1000,1,3140,0,83,0,0,1,47439,0,4.381213148791661,3,2,0,0,1,3,2,2,1
PARL00000269,25,1534,84153,3078,1,784,0,3,0,1,1,17209,9,0.9281062655363627,3,0,0,0,1,4,3,3,1
PARL00000270,13,1953,156029,3160,0,2518,0,1403,0,0,1,71385,0,2.2753050981692016,0,2,1,1,3,2,3,2,2
PARL00000271,29,2731,19983,4364,0,291,1,226,0,0,0,35941,8,17.125172832467065,3,2,0,0,3,3,3,3,1
PARL00000272,22,1171,33943,7312,1,688,0,1394,1,0,0,39977,4,3.5809279602113855,1,1,0,0,2,4,3,4,1
PARL00000273,20,1301,47532,6530,1,312,0,60,2,0,1,25233,11,7.75231559679987,0,4,0,1,3,3,1,3,1
PARL00000274,16,1553,31984,2285,0,3334,0,354,1,0,0,55093,3,8.772090816822507,0,3,0,0,2,3,5,4,2
PARL00000275,15,922,239893,3836,0,503,0,89,2,1,1,52938,1,12.179819049151504,1,1,0,0,3,1,4,2,1
PARL00000276,5,1200,30169,4826,3,2527,0,624,1,0,0,40567,0,1.6149716243997327,1,1,1,1,2,1,3,3,3
PARL00000277,61,1424,38390,2341,0,5739,1,612,0,0,0,15000,0,2.9085967879865917,6,1,1,0,3,2,2,2,3
PARL00000278,37,2799,70510,1000,0,1500,0,47,1,0,1,34326,3,4.758533861185881,0,0,0,0,2,3,1,5,1
PARL00000279,31,2061,22885,2823,0,1553,0,972,0,0,0,51900,3,3.6310401131681433,0,0,0,0,5,2,3,2,1
PARL00000280,22,1991,43628,7520,1,1236,0,86,0,0,0,48771,3,32.55186301993809,1,2,0,0,1,3,2,3,1
PARL00000281,10,2766,77185,1000,0,788,0,379,1,0,0,44306,4,14.411608808174464,0,1,1,1,5,2,2,4,1
PARL00000282,13,1688,45876,1382,1,1291,0,1697,1,0,1,38640,0,5.226594030504574,1,1,0,1,4,4,2,5,1
PARL00000283,6,2197,55563,1677,0,1846,0,856,0,0,0,21320,5,16.913498013214415,2,1,0,1,3,4,3,3,1
PARL00000284,14,1717,39204,1397,0,8536,0,1254,1,0,0,59458,1,3.417428557506717,0,2,1,0,5,3,3,2,1
PARL00000285,9,2064,17826,5499,9,5553,0,167,1,1,0,23398,2,12.327818886070169,0,1,0,0,2,3,3,3,1
PARL00000286,73,1351,77441,1956,0,3963,1,44,0,1,0,41936,0,2.025478419820648,0,0,0,0,2,5,4,2,2
PARL00000287,46,534,243761,5602,0,4398,2,83,0,0,0,29476,8,11.838585020636776,2,3,0,0,2,3,2,3,1
PARL00000288,26,1690,60762,3449,0,1261,0,277,1,0,0,59905,2,4.877118731243274,0,1,0,0,2,5,3,5,3
PARL00000289,11,3682,71697,1000,0,2142,0,630,1,0,1,53730,2,0.9098240362850124,2,2,1,0,3,2,1,1,1
PARL00000290,9,2872,104211,2384,1,4508,0,65,1,0,0,39641,6,2.5535190161710406,3,2,0,0,3,4,3,3,1
PARL00000291,21,2929,21688,6663,2,998,0,431,2,0,0,55367,3,4.11699094408752,1,1,0,1,1,3,3,4,1
PARL00000292,47,3354,233751,3748,0,6527,0,156,0,1,0,22623,7,11.067760000344268,0,2,0,2,3,1,2,1,1
PARL00000293,6,1889,70393,2537,0,1074,0,166,1,1,1,43807,4,0.6062645370355704,0,0,0,0,2,5,2,3,2
PARL00000294,37,1995,220904,7581,0,1838,2,433,1,1,0,29177,12,8.619825446489044,0,2,1,0,3,5,4,4,2
PARL00000295,14,1327,33308,1254,0,2474,0,251,0,0,1,60375,0,10.070632587425223,0,3,0,0,5,3,1,5,1
PARL00000296,16,1543,256388,2019,0,6015,0,668,0,0,0,50614,3,8.488714201543722,0,1,0,0,3,5,3,3,1
PARL00000297,25,2459,111315,6241,0,561,0,67,0,0,0,54749,3,11.439283315367796,0,3,0,0,3,2,5,1,1
PARL00000298,12,3300,93193,5420,0,2741,0,624,0,0,0,36701,6,1.5697602715947148,3,3,0,0,3,3,3,1,1
PARL00000299,20,1686,72201,1153,0,1471,0,26,1,1,1,56172,1,7.076463773839042,1,2,0,0,4,2,4,3,1
PARL00000300,11,1443,49078,4709,2,625,0,86,2,1,0,28245,8,22.661420720511817,2,2,0,0,1,2,4,1,1
PARL00000301,15,1808,156439,1928,1,2997,0,427,0,1,0,30397,7,7.5489721019709455,0,2,0,1,5,4,2,1,2
PARL00000302,42,2442,66989,1000,0,1606,0,772,0,0,0,42372,2,7.560327636065364,0,2,0,0,3,3,2,4,1
PARL00000303,26,878,12411,2579,6,2163,1,116,1,1,1,30979,3,10.6677830003418,0,3,0,0,3,1,4,4,3
PARL00000304,42,573,24495,11318,4,779,0,158,0,0,1,55644,3,3.2421718003603566,0,2,1,0,5,3,4,4,1
PARL00000305,14,1372,51602,6742,1,1312,0,308,0,0,1,37898,3,9.644483213042847,0,1,1,0,5,2,1,1,1
PARL00000306,37,982,76726,3212,1,1921,1,95,0,0,0,28790,4,19.83780873471795,0,1,0,0,3,3,2,2,1
PARL00000307,4,1402,57224,1000,0,1038,0,666,0,0,2,26847,6,0.08764210707486399,0,2,1,0,1,2,2,4,1
PARL00000308,25,1679,158764,1000,0,442,0,594,0,0,0,55460,3,16.328726030344903,0,2,0,0,4,4,4,4,1
PARL00000309,39,1441,12570,3457,0,6521,0,62,2,0,0,15000,6,1.9735324491476773,3,2,0,0,3,2,3,4,1
PARL00000310,4,3737,67162,4489,0,1432,0,249,0,0,1,29834,4,4.869320008636661,0,2,1,0,3,3,5,5,1
PARL00000311,14,2128,13983,5544,0,2647,0,596,1,0,1,66043,1,15.303166218028194,1,4,0,0,2,2,5,4,1
PARL00000312,25,2101,109948,5105,0,1058,1,164,1,0,1,39834,6,13.894177061808612,1,3,0,0,3,3,4,3,2
PARL00000313,49,2467,55516,5416,0,877,0,401,1,0,0,55746,5,17.79962222703652,0,4,1,0,4,2,3,2,2
PARL00000314,15,1023,83758,4099,0,1045,0,20,1,1,1,51412,4,22.563052001525524,0,2,0,1,2,3,2,3,1
PARL00000315,36,3039,29998,7470,0,1052,0,375,0,0,1,42136,5,4.7414491643485315,1,1,0,0,5,3,1,3,1
PARL00000316,64,1740,166636,2152,0,1571,1,66,0,1,1,20116,8,8.545374166311847,2,2,1,0,2,4,3,2,2
PARL00000317,37,2528,137775,3417,0,1568,1,710,0,1,0,25111,4,3.960647666342471,2,2,0,1,1,1,2,4,3
PARL00000318,21,1057,95495,1000,0,1374,0,175,1,0,1,24859,14,3.4550893339628117,0,2,1,0,3,4,2,1,3
PARL00000319,32,831,53980,2112,0,289,0,132,1,0,1,52230,1,4.519374468353579,1,2,0,0,4,2,3,4,1
PARL00000320,15,2721,95214,6616,1,1370,0,735,0,0,0,55043,0,10.871803858131946,0,3,2,0,5,1,3,1,1
PARL00000321,26,2182,34012,5294,1,370,0,20,1,0,0,31817,3,5.5682626747200175,3,1,0,0,4,2,4,3,2
PARL00000322,22,1151,118710,1000,0,269,0,202,0,0,0,43818,0,13.458635896907513,2,3,0,0,2,2,2,4,2
PARL00000323,32,1170,224041,11874,1,5395,1,184,0,0,0,45121,3,10.938790995056037,0,3,2,0,5,3,2,1,1
PARL00000324,17,3173,140996,3755,0,1857,0,134,0,0,1,46172,7,0.16552841740483248,1,3,0,0,5,5,3,3,1
PARL00000325,33,997,33400,3809,0,2154,1,971,1,0,0,33570,7,7.959169187531572,0,2,1,0,2,1,5,2,1
PARL00000326,17,4110,79948,1997,0,1027,0,556,0,0,0,69570,1,4.589713364159793,0,3,0,0,3,3,4,4,1
PARL00000327,45,1152,21279,2394,2,4793,0,26,0,0,1,55168,2,4.8797034490648175,1,2,0,1,3,3,2,4,1
PARL00000328,19,2487,94647,3724,0,2031,1,501,0,0,1,46096,1,13.646403536389784,1,3,0,0,3,3,2,5,1
PARL00000329,2,1534,85860,5084,1,2932,0,299,0,0,0,37217,3,6.34564950082439,0,1,2,0,5,3,5,4,2
PARL00000330,10,2444,13415,4242,3,919,0,924,2,2,0,32496,7,17.3459598618847,1,1,0,1,1,4,1,4,2
PARL00000331,25,1377,23637,2138,2,6438,0,150,0,0,0,50968,5,9.980767312908526,0,1,0,0,3,1,2,2,2
PARL00000332,73,1666,47738,1506,0,3434,0,341,1,0,0,37893,0,6.438710609435032,0,2,1,0,2,4,2,2,1
PARL00000333,44,1845,47066,1412,2,3847,3,277,0,1,1,47005,1,11.236904261757381,0,4,0,0,3,2,3,3,1
PARL00000334,1,1095,22752,6971,2,377,0,268,1,0,3,16510,6,0.3128298636652378,3,2,0,0,4,3,3,3,1
PARL00000335,5,2618,81730,6408,1,632,0,243,0,0,0,37053,4,0.21965741342003536,1,4,0,0,2,3,1,4,1
PARL00000336,54,1398,73216,4756,0,672,1,92,2,0,1,43363,1,0.6962305975348838,0,2,0,0,3,3,3,2,1
PARL00000337,39,1612,51255,6937,1,631,1,563,0,0,0,59517,0,4.603842281940081,0,1,1,0,5,1,1,1,1
PARL00000338,99,1099,32707,3020,1,3867,1,240,0,0,1,31165,1,2.147744352016444,0,2,0,0,4,2,3,3,2
PARL00000339,17,502,138547,6032,1,64,0,1272,1,0,2,22712,13,33.21305821374337,0,2,0,1,3,2,3,2,2
PARL00000340,11,1643,225105,4934,0,158,0,120,0,0,0,51670,2,6.2521582951962955,1,3,0,0,2,4,3,3,1
PARL00000341,26,6040,40666,6145,1,640,0,459,1,0,1,44039,2,8.687521268669842,1,0,0,1,3,2,1,3,1
PARL00000342,16,2676,36690,1279,0,445,0,1130,0,0,1,19169,12,2.6149336681434736,3,1,0,0,4,4,3,4,1
PARL00000343,50,1790,88695,4056,1,527,0,435,0,0,1,19917,3,3.1064679283224845,0,1,1,0,4,2,3,1,3
PARL00000344,16,1585,44962,2507,0,3198,0,820,0,1,0,35296,8,3.2693046992725128,3,1,0,2,2,4,3,5,2
PARL00000345,20,1828,53555,1000,0,1656,1,702,0,0,0,43743,5,9.598138748158703,4,3,0,1,3,3,3,1,1
PARL00000346,10,2376,108198,7738,0,11,0,178,2,0,0,65839,2,5.135165453243999,1,1,1,2,1,2,3,2,1
PARL00000347,42,1001,12997,6420,6,1121,1,366,0,0,1,28782,2,5.833240461322218,4,1,1,1,1,5,1,3,2
PARL00000348,11,3156,171895,4322,0,1048,0,67,1,0,0,53081,4,7.171963310550156,0,5,0,0,3,2,1,1,1
PARL00000349,33,2585,63458,1594,0,241,1,306,0,0,0,15587,3,11.716180477680965,0,2,0,1,2,3,2,1,2
PARL00000350,81,2589,43079,1000,0,2254,1,104,1,0,0,50414,5,0.75773663269647,0,0,1,0,1,3,3,1,1
PARL00000351,3,2251,55748,1000,0,2421,0,544,0,0,0,67598,4,12.000146010002835,0,1,0,0,4,3,3,3,1
PARL00000352,66,1825,58101,2099,1,2552,2,300,0,0,1,47125,3,6.626881149287414,1,1,0,1,3,5,4,4,3
PARL00000353,30,2531,14988,5472,3,2607,1,211,0,0,0,34977,1,8.847402385790685,3,2,0,0,4,4,4,3,1
PARL00000354,8,2430,197985,2528,1,0,0,125,0,0,0,63488,2,3.1746411536774666,0,1,0,0,3,4,4,3,1
PARL00000355,27,1514,61886,4798,1,6154,1,2657,0,0,0,50233,5,4.212752176845315,2,3,0,1,4,5,2,2,1
PARL00000356,41,1357,85340,4970,0,3366,0,29,0,0,0,47303,1,2.10303970373763,0,2,0,2,3,3,2,1,1
PARL00000357,12,1902,128186,5416,0,4686,0,17,1,0,0,29734,8,31.020971631582324,0,3,0,0,2,1,4,1,1
PARL00000358,35,3922,26451,1000,4,31,0,97,0,0,1,50456,4,5.497368147704906,2,4,0,0,3,4,2,4,1
PARL00000359,70,973,87446,1728,0,5431,2,1417,1,0,0,34729,5,44.327017183615155,1,3,0,0,2,3,3,1,1
PARL00000360,16,868,48333,4735,0,3319,0,1549,0,0,0,49671,3,5.383399923458392,0,1,0,0,4,2,2,5,3
PARL00000361,10,1963,117879,8883,0,3630,0,425,0,2,2,45728,2,1.9851401465471141,1,1,0,1,3,3,5,2,1
PARL00000362,22,1854,10918,7270,6,195,0,848,0,0,1,61261,1,5.66531333335244,2,5,0,0,2,5,3,3,2
PARL00000363,26,1971,55310,4159,1,2684,0,96,1,0,0,36359,6,0.3232064308602905,0,1,0,0,3,2,2,5,1
PARL00000364,52,2042,36965,7794,1,6433,3,1430,0,0,0,42759,2,18.811665404252793,0,1,0,0,5,4,3,2,2
PARL00000365,22,1617,84610,4135,0,2269,0,61,0,1,0,56974,0,13.654212237574377,1,3,0,0,1,3,2,4,1
PARL00000366,17,3808,87206,1000,0,1690,0,42,0,1,0,41459,1,10.351778824581674,0,2,0,0,2,2,5,2,1
PARL00000367,10,812,33992,5351,0,5823,0,47,0,0,0,44677,6,7.529314553286103,1,6,0,1,4,4,2,2,3
PARL00000368,4,1194,33869,7440,1,1170,0,340,0,1,0,38899,3,6.936847710670733,0,1,0,0,2,5,3,2,2
PARL00000369,7,1717,54801,10751,1,1829,0,607,1,1,0,42545,4,45.77935432072662,0,4,0,0,1,2,2,4,2
PARL00000370,7,795,29222,2048,1,1293,0,182,0,0,0,55064,0,2.6058126888529647,0,1,0,0,3,3,4,2,1
PARL00000371,20,1655,117428,1150,0,5401,0,1524,0,0,0,72538,0,12.10155246359116,0,2,0,0,3,3,4,2,1
PARL00000372,5,4149,44561,6045,0,158,0,227,0,0,1,19822,6,6.966806917377524,0,1,0,0,3,4,4,5,2
PARL00000373,23,1827,5851,4532,3,1390,0,65,0,0,1,26024,2,29.79789161022387,4,4,0,1,3,1,4,2,2
PARL00000374,80,2029,44362,4239,2,2322,3,250,2,0,0,42877,5,14.07293738569556,1,0,1,0,5,2,1,3,2
PARL00000375,53,962,26086,7868,2,3139,1,454,0,0,0,45744,3,52.15339116190562,0,1,1,0,4,4,5,5,2
PARL00000376,20,1328,16235,6028,0,1749,0,714,0,0,0,41735,0,7.100168499414396,1,1,1,1,5,3,3,2,2
PARL00000377,115,1498,22249,4844,5,4791,14,245,1,0,0,36700,3,1.8307175238968647,1,1,1,1,3,3,4,2,2
PARL00000378,26,1542,65350,2278,0,5694,1,360,2,0,0,26514,4,5.604388598537816,2,1,0,0,1,4,3,4,2
PARL00000379,29,3431,173323,5693,0,132,0,124,1,1,0,35838,8,9.93370569371697,1,0,0,1,5,5,2,2,1
PARL00000380,22,2389,76922,1102,0,1029,0,415,0,0,0,57258,3,11.910529452849515,1,2,2,0,1,5,3,2,1
PARL00000381,24,1037,36856,4127,1,47,0,1706,0,2,1,46396,6,0.004080952836582571,0,2,0,0,4,2,1,3,1
PARL00000382,15,2045,86225,3246,0,799,0,20,1,1,1,55133,3,5.626017937263454,1,3,0,2,1,5,3,4,1
PARL00000383,20,2319,41470,1000,0,1539,0,870,1,0,1,26948,2,2.1454890613113045,2,2,0,0,4,4,3,1,1
PARL00000384,66,3197,34348,4541,0,4833,0,330,1,0,0,66662,2,16.629891650793894,0,0,0,0,5,2,2,2,1
PARL00000385,57,3984,23777,2052,0,3748,0,116,0,0,2,36571,6,1.327543634052932,0,0,1,0,3,3,5,2,1
PARL00000386,2,1088,14743,4462,0,272,0,1239,1,1,0,52128,2,8.783849892383115,0,0,0,0,2,1,5,2,2
PARL00000387,6,1205,43829,1421,2,195,0,264,0,1,2,43123,2,2.4746478553628077,1,1,0,0,2,4,4,3,1
PARL00000388,12,964,67944,6070,0,1779,0,161,0,0,0,36899,8,3.5271899576882375,3,4,0,0,3,4,4,2,2
PARL00000389,47,1608,55420,9810,1,1519,0,80,1,0,1,51492,5,22.58220353483163,1,0,0,1,2,4,3,3,1
PARL00000390,58,2282,42925,1102,2,619,0,112,1,1,1,54007,1,2.200213266414889,0,2,0,0,3,2,3,3,1
PARL00000391,41,2962,28096,1420,2,4594,2,715,0,1,2,85320,1,0.7985870961992994,0,0,0,0,3,3,1,2,2
PARL00000392,8,1740,97401,1000,0,5244,0,381,0,0,0,54589,3,0.5744165210124631,0,1,0,0,3,2,5,2,1
PARL00000393,16,1540,20874,2810,0,1030,0,977,0,0,0,54364,5,5.619362105587037,1,1,0,1,3,5,4,2,1
PARL00000394,35,1950,111393,4412,0,4420,1,105,1,2,0,62173,2,8.211333613998931,0,2,0,0,3,3,4,1,4
PARL00000395,20,1190,26855,5452,4,968,0,51,1,0,1,52977,5,3.1715709189293473,2,3,1,0,2,1,5,3,1
PARL00000396,18,5139,32795,4067,1,2669,0,2,0,0,0,44419,2,9.37616967575793,0,1,1,1,4,2,3,3,2
PARL00000397,18,809,18519,5336,0,1292,0,283,1,0,1,49885,2,0.503805675538408,0,2,0,0,4,3,3,2,1
PARL00000398,54,1983,40089,3157,0,261,1,2552,0,0,0,57822,0,15.57802852396288,0,1,0,0,2,3,5,3,2
PARL00000399,38,4973,130646,2031,0,5260,3,474,2,0,0,65861,1,13.567255553504546,0,0,1,0,2,4,3,5,1
PARL00000400,19,1814,90445,1454,0,1210,0,147,0,0,1,22339,0,33.866796137907265,0,2,0,1,4,2,3,1,3
PARL00000401,31,1644,130971,2894,0,2652,0,837,0,0,1,16646,3,22.054350524473296,6,4,0,0,2,3,2,3,1
PARL00000402,7,1512,90918,1488,0,915,0,608,0,0,1,65225,2,3.522902039251641,0,3,1,0,1,2,3,4,1
PARL00000403,16,1652,24761,4316,0,38,0,6,1,0,0,33038,9,4.076949273068507,1,3,0,1,3,3,4,1,1
PARL00000404,51,3591,45952,1511,2,211,1,679,0,0,0,20131,5,10.962261006276206,0,2,0,1,2,5,3,4,2
PARL00000405,5,598,32075,2225,0,1371,0,142,1,0,0,18720,0,1.1517276368993377,0,1,0,2,2,3,3,5,1
PARL00000406,38,3892,173591,6947,0,2342,2,64,0,0,0,72027,1,3.0151927599340578,0,3,0,0,5,1,2,1,1
PARL00000407,2,887,22984,7403,0,815,0,102,3,0,0,58164,2,1.0094137468302662,0,0,0,0,2,5,3,4,2
PARL00000408,74,1582,122388,7246,0,2378,0,252,1,0,2,33073,1,4.85408924556582,1,2,0,1,5,2,5,2,1
PARL00000409,15,1458,122315,3198,0,2398,0,221,2,0,1,33693,8,6.4237727994258105,0,0,0,0,2,4,1,1,1
PARL00000410,33,2426,258770,2103,0,2434,0,136,1,1,1,45822,6,1.897538902438396,0,2,0,0,4,3,1,3,2
PARL00000411,27,813,43141,4800,1,1356,0,75,0,0,0,57890,0,0.21594187945384408,1,2,0,0,3,2,1,1,1
PARL00000412,28,2278,105858,1540,1,4927,1,574,1,1,1,40589,1,10.16534173801818,0,3,0,0,1,2,5,3,1
PARL00000413,31,4974,371506,5641,0,1343,0,1846,1,1,0,33209,3,0.16166381723220752,1,2,0,1,4,2,3,1,2
PARL00000414,4,914,36529,1943,0,1196,0,601,1,0,2,62025,0,29.01553718414426,0,2,1,0,4,4,5,4,1
PARL00000415,28,1987,17535,2799,3,444,0,140,0,0,1,44612,6,2.004192566344416,0,2,0,0,2,4,3,3,1
PARL00000416,21,1298,13306,5728,6,735,1,112,0,0,0,42125,1,8.722774546601386,2,0,1,0,4,3,3,3,2
PARL00000417,15,2237,105891,1000,0,86,0,98,2,0,0,53881,1,4.563921774155489,0,2,0,1,3,2,4,2,3
PARL00000418,12,1825,13272,2016,0,2007,0,58,0,0,0,15000,0,0.49222805444476514,0,4,0,0,4,4,2,2,1
PARL00000419,28,1311,44451,4383,0,571,0,320,0,0,2,52112,4,5.112054364715199,1,0,1,0,4,3,2,2,1
PARL00000420,10,2307,84952,5081,0,725,0,371,0,1,3,51163,1,5.81794533538646,2,0,0,0,1,3,3,4,1
PARL00000421,50,4456,69434,4509,0,2946,1,488,1,0,0,24316,4,15.430713183453125,4,1,0,0,2,3,2,2,1
PARL00000422,35,1643,84149,2771,0,792,0,456,2,0,1,15879,6,10.54457316916932,0,2,0,0,3,3,2,3,1
PARL00000423,30,2591,71527,6132,0,554,1,138,0,0,1,36534,6,0.6609897327691024,1,2,0,0,5,3,1,2,4
PARL00000424,49,947,166556,1409,1,370,0,160,1,0,0,47744,1,1.8773040033841522,1,0,0,0,3,3,2,3,4
PARL00000425,3,1120,27949,1352,0,2982,0,457,0,0,1,49273,0,2.990425637479981,1,1,0,0,3,3,2,3,1
PARL00000426,7,2289,34835,4352,1,277,0,171,0,0,0,70560,1,0.9900760520494002,0,3,1,0,1,4,4,3,1
PARL00000427,36,3797,32269,1263,3,1209,0,95,1,1,0,47751,6,4.883680825878485,0,2,0,0,4,3,2,3,3
PARL00000428,13,2159,116326,10033,0,1414,0,187,0,0,0,24017,12,33.237441146411804,0,3,0,1,3,3,2,3,1
PARL00000429,14,1546,123046,2066,0,2325,0,127,0,0,0,41235,0,5.782466703915137,1,0,2,0,4,2,1,4,1
PARL00000430,6,1807,85903,6054,0,2006,0,36,0,0,1,25520,11,10.834712691167738,0,1,0,0,5,4,3,4,1
PARL00000431,10,967,154321,1060,1,3329,0,709,1,0,0,42313,1,9.189258420681645,0,3,1,0,2,2,3,3,1
PARL00000432,51,2446,23331,8664,2,91,2,767,0,2,1,66133,2,15.172237811228952,0,1,0,0,2,2,4,4,4
PARL00000433,35,2810,227243,3370,0,703,0,99,4,0,0,51888,5,1.9439490406387576,2,3,0,1,5,4,4,4,2
PARL00000434,28,1442,202519,2018,0,657,0,26,0,0,1,34188,5,11.213741912391093,1,1,0,2,2,2,2,3,1
PARL00000435,15,1429,107850,2618,0,315,0,537,0,0,1,53885,4,17.052971705269822,1,1,0,1,4,3,1,1,2
PARL00000436,27,2065,249057,1748,0,682,0,95,0,0,1,33333,1,1.505202388231101,5,1,1,0,4,5,2,3,1
PARL00000437,54,1453,15909,2793,0,741,0,199,2,0,1,15000,21,3.4070025297586986,0,3,1,1,3,3,5,2,2
PARL00000438,13,1749,39357,1124,0,1475,0,26,0,0,0,26497,2,28.079646464568423,2,2,0,0,2,2,3,3,1
PARL00000439,24,5166,33248,2074,0,2179,0,102,2,0,0,51876,2,12.141722226183477,0,2,0,0,2,3,1,3,1
PARL00000440,77,1597,106636,5974,0,959,6,629,1,1,1,56585,5,2.656871481867358,0,1,2,0,3,4,1,3,1
PARL00000441,41,1511,25845,3903,2,2542,0,652,0,0,0,70764,1,6.639835909516995,0,0,0,0,2,3,3,3,1
PARL00000442,15,1307,109753,1382,0,819,0,92,1,0,0,50117,0,4.144495581333863,1,1,1,1,3,4,2,3,1
PARL00000443,39,2623,179230,2870,0,685,0,163,0,1,0,65207,2,5.386210191066764,0,3,1,1,3,4,4,1,1
PARL00000444,5,1651,104418,7460,0,1558,0,57,0,1,0,54451,3,3.510101251660378,0,1,0,0,3,3,3,2,4
PARL00000445,23,1306,75131,2281,0,48,0,30,2,0,0,59061,6,2.6206028594095763,0,4,0,0,3,4,3,3,3
PARL00000446,39,3500,27165,1250,4,166,0,1940,0,0,0,61525,1,8.985610071265182,0,2,2,0,5,3,3,3,2
PARL00000447,33,3676,30409,4950,1,1082,0,426,0,1,0,52305,1,12.060171909964563,1,2,0,0,3,3,2,4,3
PARL00000448,38,1339,162705,1000,0,5726,0,312,0,0,0,61122,2,16.5690650740968,0,4,0,1,3,3,3,1,3
PARL00000449,44,711,111689,2666,0,2556,0,580,0,0,0,34521,5,1.350473774041806,0,4,0,0,5,2,4,2,1
PARL00000450,34,2992,58034,7902,0,184,0,733,0,4,0,15000,9,13.84631703014234,0,1,0,0,3,2,2,3,2
PARL00000451,34,1283,42859,2806,1,3745,0,657,0,0,1,54761,3,2.3528299731113775,1,3,1,0,5,3,3,3,2
PARL00000452,29,2684,11841,6387,3,2635,0,6,1,0,1,50621,2,4.459654420520654,0,2,0,0,2,3,4,2,1
PARL00000453,9,675,25420,1233,2,1888,0,82,1,0,1,31870,9,18.537017415244915,0,3,0,0,4,3,1,3,1
PARL00000454,51,2825,276270,2720,0,3432,0,425,0,2,0,26063,2,4.848472599857061,4,0,0,1,3,4,3,1,1
PARL00000455,24,986,21496,2519,0,1035,0,188,0,0,0,46960,3,1.755837512142357,1,2,0,0,4,3,2,1,1
PARL00000456,40,2605,69674,4762,0,500,1,1617,0,1,1,55753,4,1.3935762924417057,0,2,1,0,4,4,4,1,3
PARL00000457,47,1820,134048,3511,0,1434,0,437,0,0,0,52798,1,5.124191420788424,0,3,0,0,2,4,1,3,1
PARL00000458,16,1122,21939,8614,2,1591,1,1254,2,0,0,29705,8,11.50651131888549,0,1,0,0,3,3,3,4,3
PARL00000459,17,1475,69408,2177,0,1545,0,89,0,0,0,33069,0,47.03979748063795,1,3,1,1,4,3,1,2,2
PARL00000460,19,2548,126795,3479,0,1665,0,797,1,0,0,55042,3,12.387067193437224,2,6,0,0,1,3,1,1,1
PARL00000461,58,1906,60475,2596,0,5940,0,155,0,0,0,46090,3,16.765345244114073,0,1,1,0,4,4,4,4,2
PARL00000462,11,2421,594052,3290,0,4650,0,1825,1,0,0,60902,3,11.02128942604529,0,2,0,0,2,2,3,4,1
PARL00000463,64,4857,15758,3067,6,4170,2,68,2,1,0,40150,5,18.063578839600325,0,0,0,2,5,3,4,1,2
PARL00000464,29,827,139662,1527,0,3233,1,290,1,0,1,56092,2,0.634887563064072,0,1,1,1,2,2,3,2,2
PARL00000465,30,4058,52143,5749,1,5744,0,629,1,1,0,44405,4,21.266266853081834,0,3,0,0,3,2,3,2,2
PARL00000466,46,1904,111027,1890,0,207,0,226,2,0,1,34157,1,4.038829977436838,3,1,0,1,2,3,4,1,2
PARL00000467,26,1153,85224,1776,0,616,1,252,0,1,0,58922,3,20.36890229982152,2,3,0,0,2,1,2,3,1
PARL00000468,51,929,33305,1000,1,1366,2,1717,0,1,1,30111,7,0.6300328974709228,0,2,1,0,3,3,1,5,3
PARL00000469,16,1644,71911,2125,0,3748,0,221,0,0,0,46112,2,10.048951547271624,2,3,0,0,3,5,2,3,1
PARL00000470,63,2866,13543,1869,3,1407,0,370,0,0,2,47662,2,10.645023103838831,0,2,1,1,1,5,2,5,2
PARL00000471,17,1696,97012,1000,0,2756,1,22,1,0,0,43195,4,46.238976225011235,0,1,0,0,4,2,2,3,1
PARL00000472,65,3849,76002,2783,0,299,1,738,1,1,0,59861,1,11.717689846723031,0,1,0,0,1,4,5,4,2
PARL00000473,17,875,99800,8359,0,581,0,417,0,1,0,53589,2,3.8575646339910397,1,1,0,0,4,5,4,2,1
PARL00000474,19,1797,139594,1000,0,2631,0,207,0,0,0,51801,1,6.517973847954604,0,0,0,0,3,1,5,1,1
PARL00000475,10,966,80345,3244,0,360,0,6,1,1,0,46026,5,3.652605519824133,0,1,0,0,3,3,5,4,1
PARL00000476,12,2168,67404,2731,1,865,0,358,3,0,2,72844,4,1.7454336059981028,0,2,0,0,2,5,3,2,1
PARL00000477,24,2817,29588,5227,0,615,0,5,3,1,0,66970,1,2.2854973354878765,0,2,0,1,3,2,2,2,2
PARL00000478,29,1465,33867,5499,1,861,0,0,1,0,0,58791,4,2.008338360750166,2,3,0,0,3,5,3,3,1
PARL00000479,49,491,154722,12567,1,2464,1,382,1,0,0,56326,5,6.367028446408482,0,2,0,0,2,3,4,2,3
PARL00000480,21,1997,188917,4009,1,917,0,83,0,0,0,35966,8,18.929366692068793,0,1,0,1,2,1,3,3,3
PARL00000481,33,2249,49489,1661,0,1620,1,85,0,0,1,44263,0,19.509678863538383,1,3,0,0,1,3,3,2,1
PARL00000482,28,2213,62118,2075,0,210,0,423,0,0,1,54537,0,0.4505632948301192,0,3,0,0,1,3,1,4,1
PARL00000483,35,3353,29036,2258,0,3269,0,22,0,0,0,60773,4,0.6661781450044447,0,0,2,0,1,2,3,2,1
PARL00000484,14,1058,153001,1935,0,923,0,150,1,0,0,58380,2,2.2495618702939275,0,2,2,0,2,3,2,3,1
PARL00000485,16,2540,101959,9747,0,2091,0,64,0,0,1,53714,0,2.3556069260749912,1,1,0,1,3,3,2,1,1
PARL00000486,14,3282,282935,5317,0,2584,0,347,0,0,1,75009,0,0.7975830758435707,0,1,1,1,3,3,4,4,1
PARL00000487,55,743,29653,4733,3,470,2,433,1,0,0,42966,2,3.9342430130433943,2,0,0,0,3,1,1,3,1
PARL00000488,63,2121,44249,1283,0,4320,0,510,0,1,0,60197,0,7.088525032529437,0,2,1,0,2,4,5,2,2
PARL00000489,15,1405,72052,5461,0,1915,0,117,0,0,2,58371,1,6.9050752035366845,2,1,0,0,3,3,1,2,1
PARL00000490,15,1735,100427,7081,1,1119,0,37,1,0,0,51660,8,6.272100415567205,1,3,0,1,3,4,5,2,1
PARL00000491,39,2151,50385,2771,0,402,0,32,0,0,1,52207,3,3.308041846206347,1,3,0,1,3,4,3,3,2
PARL00000492,68,1417,29781,2055,1,5705,1,222,0,0,0,51905,1,9.805813312920458,0,1,0,0,4,3,4,3,2
PARL00000493,78,1289,121191,8756,0,2813,0,1166,1,3,0,34376,0,14.011880997533215,1,1,1,1,3,1,2,2,3
PARL00000494,14,1839,106607,1833,1,466,0,98,1,0,1,51012,2,3.4005390654930006,1,2,0,0,2,5,3,3,1
PARL00000495,18,1049,28766,1671,2,824,0,118,0,0,0,56224,2,0.7153318165629651,0,2,0,0,3,4,4,4,1
PARL00000496,30,1050,177079,1432,0,3318,0,42,0,1,1,49829,1,2.811569116428942,0,1,0,1,2,2,1,1,1
PARL00000497,32,2539,152689,3124,0,2379,1,372,0,1,0,17368,3,1.1821428569592,3,1,1,2,5,4,1,3,1
PARL00000498,21,1018,66665,4001,0,2903,0,455,0,1,0,21207,11,5.039256924822554,0,0,0,0,4,1,2,3,1
PARL00000499,12,2522,63810,6442,0,1163,0,411,0,1,0,32726,3,1.3562076192342056,0,3,0,0,3,1,2,3,3
PARL00000500,24,2278,93269,4887,0,2520,0,789,0,0,0,43321,5,4.971745074941547,1,5,0,0,5,3,1,1,4
PARL00000501,78,762,30050,4831,0,977,1,266,2,0,0,33531,7,1.9979835678951379,1,1,0,0,3,1,3,2,3
PARL00000502,16,1288,61330,7816,0,474,0,57,2,1,1,54688,0,10.737641237835621,0,3,0,0,3,5,2,1,2
PARL00000503,29,3284,10701,1370,0,2003,0,136,0,0,1,62879,3,0.2236430118151466,0,2,0,0,1,4,3,3,1
PARL00000504,112,1107,120712,1000,1,7460,4,434,1,0,1,65005,1,6.472888444118549,0,2,0,0,3,3,4,3,2
PARL00000505,16,1433,17168,5057,6,743,0,379,0,0,1,50052,1,1.4857058554478684,0,0,1,1,4,1,3,2,3
PARL00000506,40,2277,199333,3012,1,1235,0,302,0,1,1,61262,3,0.007938853541568707,0,0,0,1,4,3,1,2,2
PARL00000507,80,2674,45977,6458,0,2241,1,459,0,0,1,36561,1,16.272692105900855,1,1,2,0,3,3,3,2,1
PARL00000508,38,1594,50547,3234,0,1559,1,405,0,0,0,42725,4,8.906424277060554,0,2,2,0,3,3,2,4,1
PARL00000509,53,1341,36236,1996,1,3708,2,852,0,0,0,27495,4,0.8334925027525997,0,1,0,1,3,2,2,2,2
PARL00000510,44,3681,47551,5109,0,2868,0,352,1,0,1,63103,4,8.726876177824106,0,2,0,0,4,3,2,3,1
PARL00000511,36,4313,186246,3547,1,120,1,603,0,0,2,74489,1,7.566731327583745,1,2,0,0,3,3,5,4,3
PARL00000512,62,2949,8182,3236,6,12902,1,114,0,2,0,39771,7,5.1298542807958905,1,1,0,0,3,5,4,4,3
PARL00000513,39,1886,166303,14084,0,2791,0,453,0,1,1,15000,6,4.347590817596795,0,1,0,0,3,5,1,3,2
PARL00000514,21,1206,78465,7421,0,3988,0,929,2,0,0,30668,1,17.4478801748593,1,4,1,0,4,3,3,2,1
PARL00000515,27,1193,22796,5569,0,2106,1,194,0,0,3,35247,1,2.2498688143863186,0,1,0,0,4,3,2,4,1
PARL00000516,32,2347,25330,3630,0,3879,0,604,1,0,0,25106,4,4.064104089817728,2,2,0,0,1,2,5,4,1
PARL00000517,18,2228,228916,3401,0,238,0,516,1,1,0,29545,2,3.1932652651036295,4,1,0,0,2,2,5,4,2
PARL00000518,28,3643,28101,2609,0,854,0,24,0,0,0,48069,3,11.799292136194738,0,2,1,0,4,5,2,1,1
PARL00000519,25,2502,23797,3907,2,4181,0,348,0,1,0,54895,4,19.85994591358451,1,5,0,1,4,3,2,1,4
PARL00000520,39,852,148724,2224,0,450,0,55,0,1,0,15000,9,15.165325609100016,0,2,0,0,3,2,3,3,2
PARL00000521,94,3059,78499,1109,1,162,0,1368,0,0,1,37017,1,12.784183704585068,0,2,1,2,3,3,3,5,2
PARL00000522,30,1097,28272,3206,4,3103,1,667,2,1,1,45565,1,34.61421632079447,1,2,0,0,5,5,2,4,3
PARL00000523,69,1492,71203,4142,0,3609,2,46,1,0,0,28998,0,9.555997210917669,0,4,0,1,5,3,3,4,4
PARL00000524,38,2048,26354,6468,2,355,0,51,1,0,0,48542,6,11.12414747860051,0,1,1,1,4,2,2,3,1
PARL00000525,28,4904,144445,1679,0,3853,1,361,1,0,1,43232,2,32.50394850666945,2,1,1,1,2,5,3,2,2
PARL00000526,17,8560,139957,3421,0,2321,0,169,2,1,0,38271,1,0.05612268337831409,0,1,0,1,4,3,2,3,1
PARL00000527,28,2448,91638,4860,1,1468,1,14,0,0,0,32032,11,8.0420330429795,1,0,0,1,2,3,4,4,1
PARL00000528,27,1649,79963,4784,0,3546,1,312,0,1,0,49101,2,10.74500643705253,1,3,0,0,4,2,3,3,1
PARL00000529,13,2361,244984,9428,0,1086,0,196,0,0,1,33547,5,19.99143321780807,1,1,2,0,2,4,3,5,1
PARL00000530,15,2818,59859,2650,1,431,0,42,2,0,1,19004,12,17.222590260165887,0,3,0,1,3,4,4,2,1
PARL00000531,33,1540,23260,1556,0,670,1,647,0,1,0,45331,2,14.759291391706087,2,1,1,0,3,3,3,1,2
PARL00000532,69,4436,85783,3592,0,1407,0,986,1,0,1,26414,2,23.319306793722056,2,2,2,0,4,1,1,5,2
PARL00000533,23,2028,317692,2760,0,1515,0,565,0,0,0,20307,20,6.166780326549807,2,1,1,1,3,3,2,2,1
PARL00000534,6,2318,26587,2389,2,3275,0,691,2,0,3,46942,1,0.055553203882552506,0,4,0,0,1,2,2,3,1
PARL00000535,9,2522,44838,2134,0,3134,0,97,0,0,0,42556,2,0.08892762088251967,1,2,0,0,4,2,1,4,2
PARL00000536,41,2232,83546,4154,0,1741,2,122,1,0,1,32004,7,6.293319121268481,1,4,0,1,3,3,4,2,1
PARL00000537,7,2750,57347,1893,0,3035,0,93,1,0,1,48434,1,4.571292021236041,2,1,0,0,3,1,2,4,1
PARL00000538,45,1327,27286,5566,2,425,1,579,1,0,1,51358,5,4.800826402121456,0,2,1,0,5,5,1,2,4
PARL00000539,39,1367,146896,5386,0,102,0,1181,1,0,0,48597,2,4.092003307216354,0,1,0,0,3,1,4,4,1
PARL00000540,23,1043,383092,4427,0,4137,0,504,0,1,0,48052,9,19.98158254550035,0,2,0,0,4,3,3,1,2
PARL00000541,13,2252,70045,1368,1,157,0,853,1,0,1,20919,11,3.5599329266937088,2,1,0,0,3,2,3,3,1
PARL00000542,20,2669,29049,4020,0,566,0,407,0,0,0,64398,1,15.51615365633461,0,2,0,1,4,3,2,3,1
PARL00000543,32,2273,17341,6760,3,2376,2,196,1,0,1,53362,1,18.653211140710656,0,2,0,1,4,1,2,3,1
PARL00000544,7,4176,73598,5842,0,1053,0,221,1,0,0,30738,1,5.537209733556506,1,1,0,0,3,3,3,3,2
PARL00000545,64,1802,144799,5293,0,4180,5,31,0,0,0,44823,1,4.738281884578654,0,2,0,0,5,4,4,5,1
PARL00000546,32,2525,87564,3383,0,707,1,12,1,0,1,47674,5,11.451023526987226,1,4,1,1,3,5,2,4,1
PARL00000547,34,1047,59759,3271,0,23,1,475,1,1,0,44409,2,9.847231239187154,0,1,0,0,4,3,3,5,2
PARL00000548,39,1489,37368,7501,0,715,0,230,1,1,1,71895,1,3.186348481091486,0,5,2,0,4,1,5,3,2
PARL00000549,60,2560,24990,4107,7,1725,2,321,1,1,0,15821,9,0.865566258060704,3,1,0,0,3,1,3,3,3
PARL00000550,29,2764,116751,4144,0,943,0,326,0,0,0,22857,13,2.4614718708151355,7,2,1,0,3,4,3,2,2
PARL00000551,41,1560,124370,16708,0,1530,0,129,2,1,1,15000,0,1.1235596580869853,3,3,1,1,5,2,4,5,1
PARL00000552,14,1744,17385,2604,3,4184,0,258,1,0,2,46198,2,2.7934223806843628,3,0,0,0,1,3,4,1,2
PARL00000553,78,846,213602,1000,0,4871,3,254,0,0,1,53160,2,2.4285576204013255,1,3,0,1,3,5,3,2,2
PARL00000554,27,1512,94774,2912,0,618,1,196,0,1,0,50423,1,8.122513705161653,0,0,0,1,3,4,4,2,1
PARL00000555,13,2821,183446,3046,0,1240,0,687,0,1,1,40663,0,24.719645361010848,0,4,0,1,1,4,3,2,4
PARL00000556,17,2410,20461,4063,2,1593,0,239,0,0,0,51098,2,9.260371894875126,2,2,0,1,4,4,4,5,2
PARL00000557,3,2322,20077,4752,0,5956,0,370,1,0,0,40553,2,20.900037635304198,2,1,0,0,2,3,5,2,1
PARL00000558,17,1853,53147,1000,1,13167,0,903,0,0,0,56110,3,12.264714937661793,0,2,1,0,2,4,3,5,1
PARL00000559,1,1814,89520,4821,0,536,0,804,0,0,0,61609,4,10.412027160106392,0,2,0,1,4,3,3,3,2
PARL00000560,43,1299,251975,3187,1,2596,0,884,1,0,0,31032,9,4.27632956011626,0,0,1,0,2,5,3,4,1
PARL00000561,34,2564,105331,2699,0,949,2,125,0,0,0,40685,8,3.1419055539176433,0,4,0,0,3,2,4,3,2
PARL00000562,10,2231,49308,1000,1,16,0,14,1,0,0,43115,4,14.980843363914712,1,0,0,0,4,3,4,2,1
PARL00000563,24,2312,26341,8543,0,18,0,121,2,0,0,66381,0,18.86421017570141,1,2,0,1,4,2,1,3,1
PARL00000564,24,1389,160171,2363,0,1234,0,130,1,1,0,32798,1,4.8101246990092665,1,0,0,0,4,2,4,3,1
PARL00000565,8,616,27673,5342,0,1340,0,960,0,1,1,61464,3,0.07283534325553107,0,3,1,1,1,3,4,2,1
PARL00000566,20,3129,220306,1658,0,45,0,419,1,1,1,23009,5,12.582189055933924,0,1,0,0,1,3,4,2,1
PARL00000567,25,1423,47690,4191,0,2322,0,34,0,0,0,63653,3,2.684552170433682,0,3,0,0,3,3,4,2,2
PARL00000568,20,1174,213729,2733,1,696,0,58,0,2,2,57778,4,0.07949659686497947,1,0,0,1,1,3,1,2,2
PARL00000569,13,2557,103068,5230,0,1641,0,67,0,0,0,42665,2,13.077576401777579,0,2,1,0,3,3,3,3,1
PARL00000570,10,1486,53658,2662,2,715,0,398,0,0,0,58750,1,5.828772216035131,2,3,0,0,3,2,4,2,1
PARL00000571,19,3071,39516,1591,2,365,0,531,1,0,0,37485,9,9.246815200448783,3,2,0,0,3,3,5,4,1
PARL00000572,15,2461,45582,3297,1,1045,0,785,0,1,0,31157,1,19.691692012218443,1,3,0,0,2,4,2,5,2
PARL00000573,37,2544,84343,3174,0,528,0,1129,0,1,1,70596,2,6.232670844400182,0,2,0,0,3,3,3,2,2
PARL00000574,63,913,63686,3995,0,1530,2,90,4,2,1,36882,3,5.596446537858276,1,0,1,0,3,3,4,3,2
PARL00000575,47,3314,37233,6331,4,443,0,148,2,0,3,55155,5,2.7473864746844274,2,3,1,1,2,3,4,2,1
PARL00000576,26,2060,52443,1289,0,1420,0,109,0,1,2,61632,2,2.9129789663320746,1,0,0,0,3,4,3,2,1
PARL00000577,14,1503,63758,6117,1,342,0,177,1,0,1,57094,3,12.738368065151118,0,1,0,0,3,3,1,4,1
PARL00000578,46,1942,10905,1112,3,2223,2,984,0,0,1,53989,1,4.768588388210589,4,3,0,0,4,2,4,2,2
PARL00000579,39,743,86381,5093,0,2804,0,342,1,0,0,55202,1,1.4284807225360632,1,3,0,0,4,4,4,2,1
PARL00000580,60,2217,27343,5203,0,233,1,536,0,1,0,60861,6,0.7943981443117558,0,1,1,0,4,4,4,2,2
PARL00000581,29,1080,23797,2264,4,1261,1,269,2,1,0,49765,3,5.123225288164481,1,4,0,0,3,4,4,4,2
PARL00000582,75,919,15523,1732,0,147,3,11,2,0,0,44405,4,5.00323574092324,0,3,1,0,1,3,3,3,4
PARL00000583,29,844,14255,1654,3,1823,0,26,0,0,0,24465,0,8.478016467049208,0,1,0,0,2,4,5,5,4
PARL00000584,14,3153,20244,3532,0,614,0,308,0,0,1,49771,6,5.095155299472999,0,1,0,0,4,3,4,5,3
PARL00000585,16,1319,33954,5435,1,1499,0,507,2,0,0,60425,2,1.2389807613495556,0,3,0,1,2,4,3,2,2
PARL00000586,36,3892,285674,2980,0,1457,0,96,0,1,0,28489,2,5.6710080165715056,0,1,0,0,3,4,5,1,2
PARL00000587,15,1383,39312,1000,1,5163,0,511,1,1,0,41564,2,18.98315097234424,0,2,0,0,2,4,5,2,2
PARL00000588,75,769,69023,2144,0,1592,6,665,0,0,0,51380,5,1.3895089758695454,0,1,0,0,2,3,4,3,3
PARL00000589,34,1034,82486,2082,0,1749,0,212,0,1,0,67685,0,9.363134510733559,1,1,0,0,4,4,3,3,3
PARL00000590,25,3353,66493,4730,1,1027,0,548,0,0,0,27621,2,7.2084443314362945,4,2,1,0,2,2,3,1,1
PARL00000591,27,1672,56277,4901,3,5954,0,207,1,0,0,56901,3,11.045225673808297,0,5,0,1,3,2,2,1,1
PARL00000592,20,1374,23011,3732,2,3002,0,453,0,0,0,39633,3,1.305803064078138,0,1,0,0,2,3,2,1,1
PARL00000593,4,1958,191136,6124,0,672,0,577,1,0,0,34895,6,22.724246229603786,0,2,0,0,3,3,3,4,1
PARL00000594,16,2323,254169,6432,1,3718,0,1927,0,0,0,31229,7,7.761043973867939,0,0,0,0,4,2,3,5,2
PARL00000595,69,3161,15582,2249,0,1132,1,169,0,0,0,35166,5,15.022259343545267,1,2,0,0,3,3,2,1,2
PARL00000596,29,3730,26390,1622,4,3528,0,211,0,0,0,52486,3,2.2653436904529434,1,2,0,0,4,1,5,2,2
PARL00000597,51,1510,47865,3141,1,3461,1,72,0,1,1,41583,0,10.758544607860836,1,3,0,0,2,3,3,1,1
PARL00000598,52,931,27677,3727,0,418,4,91,0,0,0,55713,6,12.150590091463224,1,1,1,0,3,4,3,4,4
PARL00000599,24,1470,89749,2158,0,2415,0,472,1,0,0,28172,4,4.052481501320042,4,1,2,0,4,4,3,5,1
PARL00000600,39,2059,33435,19260,0,686,1,995,0,1,1,55454,1,3.875462038419653,1,2,0,0,5,3,1,2,1
PARL00000601,5,1116,338420,8222,0,706,0,200,1,0,3,51506,4,8.578792023912563,1,0,0,0,2,5,4,2,2
PARL00000602,65,1120,155195,1997,0,702,1,79,1,1,1,22383,8,0.7844993093116913,2,1,1,0,1,3,2,2,1
PARL00000603,62,2147,70973,1340,1,2586,2,134,0,0,1,67593,1,10.643068119035725,0,5,0,0,2,4,3,3,1
PARL00000604,35,1764,136160,1865,0,522,0,242,1,0,1,50098,1,0.3506685300235478,2,2,0,0,2,3,3,3,1
PARL00000605,30,1837,145033,6508,0,1,1,137,0,0,0,56481,5,1.6916005104888794,2,3,0,0,2,5,3,3,1
PARL00000606,24,1237,38133,6613,3,2512,0,106,1,1,1,62342,0,8.728576476040343,0,3,1,0,3,4,3,5,2
PARL00000607,55,1611,31164,8287,0,375,1,532,2,0,2,59525,4,0.8279972480924894,1,3,0,0,3,3,2,1,1
PARL00000608,43,1138,63736,1581,0,220,0,3,1,0,2,43108,4,28.559416173146914,0,2,0,0,5,3,2,4,1
PARL00000609,18,2821,119289,4717,0,542,0,309,3,1,1,55877,1,16.223675656197877,0,3,1,0,2,3,3,2,1
PARL00000610,8,3033,66919,1711,0,955,0,631,1,0,0,17849,9,7.874465471186286,0,1,1,0,5,3,4,2,2
PARL00000611,7,718,16956,9455,3,1292,0,123,0,0,0,50906,4,13.676605861973139,1,3,1,0,4,3,3,4,1
PARL00000612,54,1135,31499,1629,0,91,3,369,1,0,0,70987,1,17.48411082898339,0,3,0,0,4,3,2,5,1
PARL00000613,24,855,56433,1072,2,7051,1,442,1,0,0,34569,5,2.4031740963973913,0,0,0,0,5,3,1,4,1
PARL00000614,35,1306,56357,1271,0,2518,0,425,1,0,0,58731,6,15.145639294331069,0,0,0,0,4,3,3,4,1
PARL00000615,26,1734,290115,3307,0,780,0,236,0,0,1,71594,0,1.7332549198005365,0,3,0,0,4,4,3,4,1
PARL00000616,7,875,19755,5383,0,767,0,170,0,0,0,55338,2,4.266509621718843,1,1,0,2,3,4,1,2,1
PARL00000617,5,1140,89722,5147,0,1190,0,722,1,0,0,60381,4,6.536263764055476,0,2,0,0,3,2,3,4,3
PARL00000618,17,1094,197065,1322,0,1968,0,568,1,0,1,21457,8,10.011058342607527,0,1,0,0,5,2,2,4,3
PARL00000619,18,2005,368486,2459,0,316,0,155,0,0,1,30976,5,0.24483925177624621,0,4,0,0,3,1,3,3,1
PARL00000620,18,1871,43324,2208,0,418,0,43,0,1,1,66446,0,2.7456643939753103,0,3,0,0,1,1,2,3,1
PARL00000621,19,1260,88711,1153,0,3924,0,29,0,0,1,59405,3,7.502548375102061,1,1,1,0,4,2,5,4,1
PARL00000622,90,1975,94448,2166,0,592,1,39,2,0,0,52440,1,3.5374727413460247,0,1,0,0,3,4,2,4,1
PARL00000623,50,1375,70009,8059,0,956,4,349,1,1,0,41030,1,11.934129930654581,1,0,0,0,4,5,3,2,2
PARL00000624,29,1578,55321,1009,0,4100,0,21,0,0,0,49269,1,8.436430091910742,1,0,2,0,1,3,5,4,1
PARL00000625,23,4174,84861,3909,1,2176,0,164,0,0,0,71072,5,2.1367787011872235,0,0,0,2,3,3,2,4,2
PARL00000626,24,3534,7896,8180,3,836,0,559,0,0,1,43471,2,1.2619274126517828,1,1,0,0,2,4,3,2,3
PARL00000627,42,944,103327,7909,0,2302,0,139,0,1,0,55488,5,7.933439133985828,0,0,0,0,5,5,2,4,1
PARL00000628,23,2737,66233,9738,0,39,0,576,0,0,0,55094,4,4.789496389439446,3,1,1,0,2,5,1,2,1
PARL00000629,47,2712,50112,4185,0,2660,0,547,0,1,0,35012,5,1.4805903202979356,1,0,0,1,4,1,3,1,2
PARL00000630,32,1018,307887,4627,0,1335,0,112,1,1,1,36169,6,3.1606441841596253,1,1,0,1,1,2,5,3,1
PARL00000631,91,2722,34893,2199,1,3355,3,521,0,0,0,67905,3,2.8882955298346475,0,1,1,0,1,1,3,5,3
PARL00000632,22,3900,43370,1000,1,6186,0,550,0,1,0,53551,2,0.9154968672086039,1,4,1,0,2,3,3,1,1
PARL00000633,53,1031,294561,2976,0,5201,2,202,0,1,1,34794,3,6.333298665525926,0,1,0,0,3,4,3,4,1
PARL00000634,9,1142,30771,7041,0,4799,0,94,0,0,0,40330,4,11.53948593460324,1,0,0,1,3,3,3,3,2
PARL00000635,14,3007,38557,1000,1,1435,0,294,1,0,1,30216,1,6.854122207410269,0,2,0,1,2,4,3,4,1
PARL00000636,83,2070,53230,2281,1,893,1,1017,1,0,1,60997,4,14.003007155701257,0,2,2,0,3,3,2,4,1
PARL00000637,45,2382,117311,4942,0,1251,0,408,1,0,0,41223,1,1.091769537085117,0,2,0,1,2,5,2,4,1
PARL00000638,35,2143,70702,3341,0,2341,1,75,0,0,2,41423,1,4.576104550649933,0,4,0,1,4,1,3,4,1
PARL00000639,106,2198,21288,7624,0,4308,0,459,1,1,0,57613,3,7.520879433013234,1,3,0,0,1,2,4,4,2
PARL00000640,23,931,39115,6568,0,463,0,222,1,0,0,19808,9,9.016132647386794,0,3,0,0,3,3,2,2,1
PARL00000641,53,3052,36831,1000,0,5006,1,358,3,0,0,44446,4,9.520199081003781,1,2,0,1,3,1,3,2,1
PARL00000642,55,3244,56287,3551,1,3376,2,529,0,0,2,44836,0,10.44407112763919,0,3,1,0,5,4,2,2,2
PARL00000643,71,1612,84176,1784,0,7712,2,289,3,0,0,40715,2,8.431325354682196,0,2,0,1,4,1,2,4,1
PARL00000644,8,1769,83664,1764,0,4244,0,672,1,0,1,36756,1,0.7917420674586558,0,0,1,1,4,4,3,2,3
PARL00000645,23,840,14460,1000,0,656,0,512,0,1,2,34349,1,9.507569812652209,3,2,0,0,1,1,4,2,1
PARL00000646,31,2338,140245,3992,0,224,1,381,0,0,0,49236,2,10.32155323573398,0,1,0,0,4,2,3,4,1
PARL00000647,71,2406,73280,7728,1,238,0,65,0,0,0,29848,8,40.2629666525177,2,3,1,0,4,4,2,4,3
PARL00000648,34,1752,181248,4250,0,688,0,723,1,0,0,47417,5,9.456710435175584,0,2,1,0,5,5,5,4,4
PARL00000649,55,3172,85421,1000,0,1904,2,1098,1,0,0,36706,4,9.288082948721696,0,3,0,0,3,3,1,1,3
PARL00000650,7,1529,144503,3202,0,3262,0,58,0,0,0,37703,0,5.7857719474330045,3,1,0,0,5,5,4,2,1
PARL00000651,19,2397,86962,4808,0,4590,0,267,0,0,2,47954,1,16.19495600801723,1,2,0,0,3,3,3,2,1
PARL00000652,62,1085,175778,3024,0,1955,0,119,1,0,0,37536,3,46.04421613175591,0,3,2,0,3,3,3,1,1
PARL00000653,21,1786,90925,4196,0,11,0,561,2,0,1,64005,5,12.078365045166818,0,3,1,0,3,4,5,2,2
PARL00000654,25,1657,55363,1910,1,412,0,511,0,1,0,42899,4,7.584323242449086,1,2,0,0,3,2,4,2,1
PARL00000655,70,2023,368777,2761,0,210,0,60,0,0,1,60699,1,0.6579695686494115,0,1,0,1,3,2,2,1,1
PARL00000656,11,1503,121933,2629,0,902,0,838,1,0,0,33571,7,10.378627029003463,1,1,1,0,3,3,2,3,1
PARL00000657,14,1693,94749,8667,1,1391,0,79,0,2,0,33238,5,9.86341206779434,1,2,1,0,4,3,2,2,1
PARL00000658,7,2732,21567,1348,5,88,0,638,0,0,1,20054,5,11.953465372787427,2,2,0,0,3,2,1,1,2
PARL00000659,72,1453,21361,1000,0,856,0,244,1,1,0,37617,4,1.0641871530733356,0,0,0,0,3,1,5,4,3
PARL00000660,50,809,75672,8309,0,394,1,159,0,1,0,41510,1,8.48434945284654,0,1,1,1,2,4,1,4,2
PARL00000661,49,4336,67266,3641,0,2082,0,68,2,0,0,46155,1,2.8046785539230554,1,1,1,1,5,3,3,4,1
PARL00000662,19,3607,36632,1098,3,1248,0,73,1,0,0,55460,0,11.4259774049701,0,0,0,0,3,3,4,3,2
PARL00000663,6,947,67022,6188,1,1367,0,433,2,0,0,54371,1,2.1994320925900896,2,1,1,1,2,4,4,5,1
PARL00000664,4,2552,213395,5014,0,1116,0,319,1,0,0,62034,1,9.215564714042952,0,6,1,1,4,3,3,5,1
PARL00000665,62,1406,104435,9591,0,6248,0,52,0,1,0,31690,9,2.7963797755349433,5,1,0,2,2,4,4,3,2
PARL00000666,37,2062,24033,3855,7,483,0,47,1,0,1,45462,0,0.07227988524032021,1,2,1,0,1,5,2,3,1
PARL00000667,42,2094,54764,14109,0,1454,0,30,1,0,1,29997,10,8.026953150115762,0,1,0,0,3,4,4,1,1
PARL00000668,30,1608,31445,3045,1,2663,0,544,1,0,0,51213,3,0.9617096471765634,1,1,0,2,3,3,2,4,1
PARL00000669,13,1221,43907,5021,1,1627,0,497,1,0,0,72063,0,8.613823408984283,0,1,0,0,2,3,5,3,3
PARL00000670,19,1280,43006,5528,1,5290,0,24,0,0,0,27053,6,20.787410714019007,0,2,0,1,3,3,2,5,3
PARL00000671,10,1143,40859,2354,1,949,0,328,0,0,0,55313,2,27.85386458153964,0,2,0,1,5,3,2,3,1
PARL00000672,9,1192,21936,2294,0,1246,0,35,0,0,2,60729,1,2.1526945907635926,1,1,0,1,2,2,3,5,1
PARL00000673,47,1748,54061,5606,0,185,0,936,0,0,0,31609,3,13.254468238423657,1,0,1,0,2,3,4,4,1
PARL00000674,5,1264,38235,1007,0,1878,0,950,0,1,1,51544,0,3.4901159385705887,0,0,0,0,5,2,4,5,1
PARL00000675,10,2542,5747,1774,3,679,0,479,0,1,3,39601,1,18.457330385504733,1,2,1,1,3,1,2,2,1
PARL00000676,20,3803,309396,2981,0,349,1,1042,1,0,0,43182,0,12.390113624156276,1,4,0,0,3,3,1,1,1
PARL00000677,27,1352,143059,9397,0,1572,1,667,1,1,0,39104,1,0.6143720691981197,1,0,2,0,2,4,2,4,2
PARL00000678,7,2037,44309,5608,0,1519,0,705,1,0,2,41626,4,4.182335400128434,2,3,1,0,3,1,3,4,1
PARL00000679,34,2321,60782,3535,0,157,0,337,1,0,1,62332,2,3.29167823450947,3,1,1,1,3,2,3,2,1
PARL00000680,29,2289,23451,2178,0,2396,0,146,1,0,1,43812,4,12.30367649881339,0,0,1,0,5,3,3,4,2
PARL00000681,61,1878,232484,11875,1,1955,1,98,1,0,1,35974,3,4.224936917729565,0,1,0,0,3,3,3,3,2
PARL00000682,27,2621,273164,3186,1,419,0,158,0,1,0,46034,3,9.23101455195993,0,3,0,1,3,2,3,1,2
PARL00000683,37,2301,67870,1772,0,1267,0,396,0,0,1,15000,9,7.379179833066701,0,1,0,0,5,1,5,3,1
PARL00000684,13,973,135784,13346,0,2548,0,75,0,1,0,32746,1,29.718082042591156,0,2,1,0,5,3,2,5,3
PARL00000685,14,2792,68887,1053,1,1507,0,119,0,0,1,63728,0,22.21726765131544,0,3,1,0,2,4,3,3,1
PARL00000686,7,2817,20550,7887,0,1006,0,252,1,0,1,42819,7,4.4647288132261345,2,3,1,0,4,1,3,4,1
PARL00000687,13,1234,43068,3370,0,778,0,106,0,0,1,37829,6,10.286618888890812,0,0,0,0,3,3,2,1,1
PARL00000688,19,1842,66538,5599,1,1885,0,355,0,0,1,47594,5,14.150287653988892,6,3,1,0,3,3,3,4,1
PARL00000689,57,2544,41621,4925,1,5597,2,1026,1,0,1,56049,0,18.332034012233006,0,3,2,0,3,2,2,5,2
PARL00000690,12,1628,50265,5543,2,2227,0,551,0,0,0,64931,0,0.5645322761613976,0,2,0,0,3,2,2,3,1
PARL00000691,93,3091,55652,14125,1,155,0,439,1,1,2,38234,3,2.877192604276999,1,3,0,1,2,3,3,2,2
PARL00000692,39,5895,56122,12756,0,1234,1,349,0,0,0,38579,3,3.0880066687101912,1,1,1,0,3,5,2,3,2
PARL00000693,33,1220,62430,1856,0,4429,0,267,0,0,0,41652,5,4.559595288134465,1,1,0,0,3,2,2,5,1
PARL00000694,25,906,25629,4795,0,198,1,82,1,0,0,60437,2,1.4835530224549573,0,0,0,1,2,3,3,2,1
PARL00000695,22,2104,33738,1000,0,8997,0,900,0,0,2,45855,3,5.484700690645126,3,2,0,1,3,3,3,3,1
PARL00000696,15,2593,21425,5961,0,5954,1,114,0,1,0,77488,0,8.706468296028175,0,2,1,0,5,4,1,2,1
PARL00000697,6,1610,130908,6934,0,163,0,38,0,0,0,42584,2,5.5031109613699,0,3,1,0,4,1,1,3,1
PARL00000698,12,3739,11108,1000,0,5418,0,554,2,0,0,71452,0,8.7679600187593,1,0,0,0,3,3,3,3,1
PARL00000699,72,925,150673,3276,0,902,2,77,0,0,0,31604,5,0.5500143342597071,1,0,0,0,5,4,4,5,1
PARL00000700,37,2556,181512,5592,0,3724,1,186,3,0,0,24152,7,16.698972439564265,0,0,1,0,3,5,5,3,1
PARL00000701,71,1335,47016,4324,0,1083,0,11,1,1,0,43478,4,22.384130842792686,1,2,0,0,2,3,1,3,2
PARL00000702,15,4271,7461,1075,9,1162,0,58,0,3,1,62090,0,7.696738835978288,0,1,0,0,3,3,1,4,2
PARL00000703,10,4896,44844,1195,0,2011,0,76,0,0,0,37845,4,17.05538318781131,0,1,0,1,2,3,1,2,1
PARL00000704,25,1232,56877,2988,1,2978,0,22,1,1,1,35751,1,1.127404305886133,1,2,0,0,4,3,3,3,2
PARL00000705,12,1373,26676,2354,0,68,0,427,0,0,1,60375,1,12.774105421660897,0,5,0,0,5,3,3,4,3
PARL00000706,29,2778,39649,2540,0,1798,0,725,0,0,2,55576,5,1.0149270217601032,0,3,0,0,3,4,3,2,1
PARL00000707,5,1489,203649,1000,0,413,0,186,0,0,0,33113,12,4.1941274174600895,0,0,0,0,3,4,4,2,3
PARL00000708,2,1767,101919,3415,1,849,0,830,1,0,3,32236,5,3.1303503916815365,0,3,1,0,3,3,3,3,1
PARL00000709,32,1831,28576,9445,4,855,0,95,0,0,1,57439,1,7.047230891574529,0,1,0,0,2,4,5,2,1
PARL00000710,73,692,16679,1121,0,1266,4,157,1,0,0,20521,2,2.870727277765793,0,1,0,0,4,5,1,2,1
PARL00000711,34,1795,46091,2797,1,813,1,65,2,1,1,61192,3,8.113734493985818,0,1,0,1,3,5,1,5,2
PARL00000712,37,1280,50475,5167,2,227,0,387,1,1,0,55377,0,3.663175002294204,0,2,0,0,1,4,2,3,2
PARL00000713,26,1412,89050,1000,1,314,1,217,1,0,1,15000,9,15.774195453412771,0,0,0,0,4,3,1,4,2
PARL00000714,28,3721,39016,3441,0,68,1,380,0,0,0,45233,0,8.038436955878987,0,1,0,1,2,3,5,2,2
PARL00000715,6,964,90147,6792,1,1270,0,573,0,0,0,15316,12,1.9396130400364546,3,0,0,0,5,2,2,5,1
PARL00000716,13,2715,281566,1369,0,6177,0,315,0,0,0,26923,2,3.2773444895724237,0,5,0,0,3,2,3,4,1
PARL00000717,57,1572,114967,3696,0,245,1,395,1,1,0,37455,1,15.04057638230287,0,1,3,0,3,3,2,4,1
PARL00000718,19,1572,57614,6462,1,5847,0,1094,1,1,1,25983,2,3.9083360641639664,2,2,0,0,1,2,2,2,1
PARL00000719,56,2684,51713,13659,2,2643,1,142,0,0,2,78272,0,6.139502177154837,0,1,1,0,3,3,2,3,2
PARL00000720,27,2143,45010,3556,0,2029,1,177,1,0,0,57960,2,8.374429156481513,0,0,0,1,4,3,2,3,1
PARL00000721,28,2405,153969,1809,0,2072,1,505,1,0,0,65511,1,3.4193504894103466,0,0,0,0,3,3,3,4,1
PARL00000722,19,2933,36248,1822,1,3505,1,377,0,0,0,42895,5,2.7848781911912095,1,0,0,0,5,1,5,4,1
PARL00000723,41,1532,62079,1000,0,226,0,78,0,0,0,45457,5,5.158741304599791,1,2,1,1,3,1,3,1,3
PARL00000724,48,1331,62377,9953,0,1405,0,188,1,0,1,68710,2,1.9353595582944227,0,2,1,0,5,2,3,5,1
PARL00000725,12,1050,40077,6196,0,2388,0,252,0,0,1,51505,2,2.6749541687262104,0,2,0,0,5,2,1,5,4
PARL00000726,7,1196,19970,1194,2,1767,0,217,0,0,0,54183,1,0.5127120412202159,1,2,1,0,3,5,4,3,2
PARL00000727,3,7899,77526,1719,0,3576,0,78,2,0,1,31332,9,2.8989033009713774,0,1,0,2,3,3,1,2,2
PARL00000728,36,3368,57022,3512,2,150,2,1033,0,0,0,31262,1,3.093587589267445,3,3,0,0,4,2,5,4,1
PARL00000729,33,920,89338,6757,0,2346,0,574,3,0,0,48915,2,26.126306944151064,1,2,2,1,2,1,3,3,1
PARL00000730,111,933,39070,4803,0,1527,2,262,1,0,0,50594,1,7.127495492883983,2,4,0,0,4,3,2,4,1
PARL00000731,26,2300,158999,4477,0,953,1,455,2,0,1,30043,3,12.386081211731373,0,3,0,0,3,3,3,4,1
PARL00000732,23,2377,29690,3881,1,831,0,910,0,0,0,50376,2,0.3715123650823546,1,1,0,0,4,2,5,1,2
PARL00000733,30,2379,235539,1258,0,1939,0,58,1,0,0,26674,8,0.9012000999910232,0,1,0,1,1,5,2,3,1
PARL00000734,31,1591,14792,3547,0,4432,1,115,1,1,1,45207,2,13.479197333765315,0,2,1,0,4,4,2,3,1
PARL00000735,21,1698,84780,3231,0,1371,0,312,0,0,0,23437,20,7.815750766094881,5,3,0,0,3,2,1,5,1
PARL00000736,13,2130,87583,1000,0,3482,0,641,0,0,0,64919,1,1.6954732018392815,0,3,1,1,4,3,3,2,1
PARL00000737,25,1887,31683,9789,1,1028,0,14,0,1,0,40331,1,4.150800614774163,2,2,0,0,3,3,1,2,2
PARL00000738,24,596,84079,2031,1,216,0,1654,0,1,0,34596,10,6.189176608171275,0,0,1,1,2,3,4,4,1
PARL00000739,24,1611,166643,1000,1,126,0,242,0,0,0,27813,6,14.843210391945233,0,1,0,0,5,4,5,1,1
PARL00000740,44,1181,10163,2329,3,105,0,178,2,1,0,26370,9,0.49851031065197754,0,2,0,0,4,2,5,3,2
PARL00000741,25,1973,89518,2711,0,956,0,138,0,0,0,51546,0,7.265038768735702,1,0,0,0,5,3,1,2,1
PARL00000742,7,8043,8146,3156,9,822,0,76,0,0,0,60057,1,10.099482566376652,1,4,0,1,3,3,3,3,1
PARL00000743,14,2172,27652,2675,2,2531,0,627,0,0,2,58555,3,30.49447454373869,0,1,0,1,3,3,1,3,1
PARL00000744,21,1545,220429,3296,1,2715,1,1244,0,0,0,65948,3,13.167158843522888,2,3,0,1,3,4,3,3,2
PARL00000745,26,2866,37593,3734,3,104,1,213,0,0,1,71222,2,2.586223239262551,0,1,1,0,3,2,4,5,2
PARL00000746,36,2301,23409,3592,2,499,1,1218,0,0,0,59368,2,9.891394817386171,0,3,0,0,1,2,3,1,2
PARL00000747,26,2230,51105,4453,0,641,1,694,0,1,1,37456,0,11.526946688122681,3,1,0,0,2,3,4,2,2
PARL00000748,2,2448,313114,4647,0,1586,0,262,0,0,0,47542,3,10.466833356609191,0,2,0,0,5,2,4,3,1
PARL00000749,8,5055,13830,4731,3,312,0,448,1,0,3,15000,6,13.72479300860325,3,3,0,0,3,1,2,3,3
PARL00000750,38,1027,25821,5591,0,287,0,228,4,1,0,54563,4,18.724786304900764,0,2,1,0,5,3,3,3,2
PARL00000751,21,2291,198381,1846,0,5757,0,327,0,0,1,47238,1,0.8289395654040647,0,2,0,0,2,2,1,1,1
PARL00000752,27,1137,264649,1904,0,3261,0,23,0,1,0,68928,0,0.8853419947376996,0,2,0,0,5,3,2,5,3
PARL00000753,19,2386,55119,6778,0,398,0,476,3,0,0,33849,3,12.732783513214182,0,1,0,0,3,2,2,3,1
PARL00000754,14,1142,22220,2388,2,1043,0,21,1,0,0,52732,3,2.326803106372315,4,3,0,1,4,1,5,2,1
PARL00000755,19,1467,320191,3022,0,878,0,679,0,0,0,29949,2,0.48259942040964443,6,4,0,1,3,3,3,3,3
PARL00000756,28,1560,214390,2816,0,3130,1,697,1,0,2,43349,5,4.10301088045335,0,1,0,1,5,1,3,2,1
PARL00000757,25,2945,103069,13338,0,1427,0,108,1,2,1,20471,8,13.712918708832117,0,1,0,1,3,5,4,1,1
PARL00000758,48,2861,31259,1581,0,273,0,156,1,0,1,65340,3,1.0825727417718607,0,1,1,0,3,3,4,1,2
PARL00000759,5,969,57571,1554,0,2686,0,262,3,0,2,60789,0,8.914079946752379,0,2,0,1,1,3,4,2,1
PARL00000760,6,1858,52665,3305,0,1011,0,363,1,1,0,37909,6,0.028979318408625755,1,2,0,0,3,4,2,2,3
PARL00000761,20,1268,78016,2880,0,610,0,135,0,0,1,48927,7,0.9299108530299275,1,1,0,1,4,2,3,3,1
PARL00000762,37,963,191147,1183,0,941,2,359,0,0,2,45577,5,3.4567359745925956,0,3,0,0,2,4,3,3,1
PARL00000763,42,1622,120998,3101,0,1377,0,141,1,0,2,35814,1,0.6984385401621623,0,3,0,0,4,4,3,3,1
PARL00000764,15,1549,25288,3374,0,840,0,22,2,0,0,46847,2,14.961314857616308,1,1,0,0,1,2,1,1,1
PARL00000765,0,6083,180087,2194,0,553,0,1,1,1,0,38358,3,15.964951465168422,1,1,1,1,5,5,2,5,2
PARL00000766,15,2245,76918,2959,1,1016,1,42,1,0,0,59705,2,11.270633488938588,1,4,2,0,5,1,5,4,2
PARL00000767,33,907,103740,1720,0,38,0,628,0,0,2,41837,1,2.2216388217073004,1,1,0,0,3,2,2,5,1
PARL00000768,24,1363,193538,1186,0,2961,1,1302,0,1,0,80858,3,5.926055197862076,0,2,0,0,2,4,3,2,1
PARL00000769,37,3013,24605,2373,0,374,2,222,0,0,0,43832,2,1.6285758951328164,2,3,0,1,3,2,2,3,2
PARL00000770,56,5136,58182,1367,0,89,2,287,0,2,1,46691,2,2.6422501629152646,0,2,0,0,1,3,1,2,3
PARL00000771,22,818,39137,1000,1,2120,0,63,0,0,2,52922,1,5.805450452549238,2,2,0,0,3,4,2,4,2
PARL00000772,17,706,17080,1000,0,2973,1,320,0,0,1,57555,3,10.624620494022315,0,2,1,1,2,5,3,2,1
PARL00000773,11,4607,79013,3930,0,3362,0,62,0,0,0,46169,1,0.7955080645597914,0,1,0,0,3,3,5,2,1
PARL00000774,6,2196,446522,2308,0,1360,0,377,0,0,1,52595,4,2.8157363211290707,0,3,0,0,1,5,2,3,2
PARL00000775,4,1171,13738,6806,6,459,0,1082,1,1,0,47742,2,20.89697790516766,0,7,0,0,1,3,2,3,3
PARL00000776,14,2362,58347,2468,1,2672,0,87,2,0,0,33321,3,4.484656485959753,1,5,1,0,1,2,3,3,1
PARL00000777,51,484,99950,3916,0,2406,0,578,1,0,0,29277,10,22.35797760460111,4,0,0,0,3,3,2,1,1
PARL00000778,40,1811,66069,1947,0,565,0,9,1,0,0,55488,1,38.04844839107204,2,2,2,2,3,3,5,3,1
PARL00000779,16,2130,54693,3227,1,4674,0,188,2,1,0,67758,2,5.983527722256619,0,2,1,0,2,3,2,5,3
PARL00000780,94,2870,21176,1000,5,220,1,46,1,0,0,20535,0,2.717913447809177,5,5,0,0,3,3,3,4,2
PARL00000781,15,1089,72130,2344,1,8112,0,173,0,0,0,23481,10,12.514829562015771,0,2,0,0,4,3,3,3,2
PARL00000782,59,1887,32682,1590,0,3935,1,76,0,0,0,23336,2,1.3882653653431023,0,2,0,1,2,3,4,3,1
PARL00000783,69,1138,10384,6340,3,2328,5,186,2,0,1,56627,2,2.3233195967236515,0,1,0,1,4,5,3,1,2
PARL00000784,35,2054,155698,3734,0,5585,0,216,0,0,0,57879,1,12.292470770582831,0,2,1,1,3,3,2,2,2
PARL00000785,14,1155,128889,5745,0,2562,0,143,0,0,0,30354,5,4.548286573526673,3,5,1,0,1,2,1,2,1
PARL00000786,18,1474,62400,7314,0,422,0,427,1,1,0,78086,0,1.80054258217718,0,0,1,0,3,4,5,3,1
PARL00000787,28,1098,71916,2190,0,1167,1,1004,1,0,0,39225,9,8.424349779412827,0,0,1,2,3,3,4,4,2
PARL00000788,6,2503,141415,3617,0,148,0,204,0,0,2,66534,2,10.556920905241881,0,3,0,0,4,4,1,3,3
PARL00000789,10,2777,71644,1252,1,987,0,85,0,0,1,57128,2,1.0689024996317047,0,2,0,1,2,1,4,1,1
PARL00000790,9,1607,123403,4353,0,2706,0,126,1,0,2,30628,9,2.594550034054858,1,2,1,0,5,3,3,3,1
PARL00000791,36,1842,47193,4812,1,976,0,769,0,0,1,38729,0,2.0007965303116815,1,3,0,0,3,1,3,2,1
PARL00000792,55,876,171028,4142,0,801,3,339,0,0,1,31913,3,3.822410869510019,0,2,0,0,3,1,1,4,1
PARL00000793,41,1556,77391,2188,3,1809,0,242,0,2,1,24835,4,11.532592788095874,2,2,0,0,1,3,4,2,1
PARL00000794,49,1763,69929,10391,0,4114,0,64,0,0,1,41201,1,10.005946937790126,0,4,1,1,2,3,2,3,1
PARL00000795,13,6703,21675,3368,0,97,0,238,0,0,1,27020,2,8.690084934084515,4,0,1,0,3,4,4,3,2
PARL00000796,19,1036,75324,1259,0,973,0,130,1,1,0,42375,2,0.05044306464679827,0,3,0,0,3,3,1,2,2
PARL00000797,20,3759,30774,5135,1,344,0,1147,2,1,0,73994,0,1.2265458028594716,0,1,3,0,4,2,4,1,1
PARL00000798,34,2976,35931,6468,0,2377,0,861,0,0,0,55450,2,2.0215835842749557,1,1,0,0,4,4,1,3,2
PARL00000799,14,2080,31185,1282,5,223,0,35,1,1,0,36643,3,2.539148652632921,0,3,0,0,2,3,2,1,2
PARL00000800,47,4356,25514,2712,0,2186,0,290,0,1,0,35419,3,1.2665893860481123,1,2,2,0,3,4,2,3,1
PARL00000801,67,2177,327687,1000,0,674,1,101,0,0,2,38983,3,4.225341745305225,1,3,0,0,1,3,2,4,1
PARL00000802,36,2196,173697,7502,0,443,0,211,1,0,0,76066,3,0.6252543005694533,0,2,0,0,3,2,3,2,2
PARL00000803,18,1760,278255,3076,0,5508,0,837,2,1,1,28674,14,11.091065012884425,0,0,0,0,4,3,2,3,2
PARL00000804,12,3333,22509,1597,2,37,0,299,0,0,1,44973,2,12.398822638334618,1,2,0,0,3,3,5,5,1
PARL00000805,9,3128,63386,6525,0,1151,0,162,0,0,0,51980,1,6.831537285436533,2,2,0,0,4,3,3,3,1
PARL00000806,2,1322,21272,3299,5,43,0,93,0,0,1,63232,2,0.7518913688462029,0,2,1,0,5,5,3,5,2
PARL00000807,20,934,34318,5928,0,1321,0,644,0,0,3,40009,1,17.664250287649637,1,0,0,0,3,3,2,2,1
PARL00000808,20,1633,28724,4551,4,1390,1,391,0,0,2,30559,1,26.965926316695988,0,2,0,0,2,3,3,4,2
PARL00000809,45,1211,161404,1409,0,776,0,252,0,1,0,49342,2,1.8088189977630043,0,3,0,0,3,3,1,3,2
PARL00000810,15,1751,43608,2127,0,283,0,98,0,0,0,64719,1,9.756477730787973,0,2,0,0,1,1,4,4,1
PARL00000811,21,3356,140744,1636,1,944,0,162,0,0,0,40906,0,14.758175261704588,0,1,1,1,3,3,2,1,1
PARL00000812,30,1438,97080,1179,0,2231,1,1285,3,0,0,32408,1,6.209509431661715,0,0,0,1,4,3,4,2,1
PARL00000813,35,1769,378098,1000,0,3050,0,293,0,0,0,46653,5,3.124490975013462,1,0,1,1,3,3,2,1,1
PARL00000814,42,1861,18332,11757,0,1513,0,204,0,0,1,20646,5,5.209268797763762,2,1,0,1,4,3,5,5,1
PARL00000815,28,2763,163961,4087,0,1782,0,294,0,0,0,41720,2,5.743925949207176,0,2,0,0,4,4,2,3,1
PARL00000816,7,587,149814,4531,0,447,0,603,0,0,3,62670,0,4.095103424999192,0,1,0,0,4,1,1,5,1
PARL00000817,33,1334,27482,7023,0,677,0,166,2,0,0,58122,3,21.25609978919536,0,0,0,1,2,2,3,2,1
PARL00000818,14,2009,134014,2109,1,353,0,78,0,0,0,42842,1,10.896970726646526,1,1,0,1,4,4,5,1,1
PARL00000819,57,3294,78348,1000,0,573,0,351,0,0,0,69889,8,2.209208009638316,0,3,1,3,3,5,3,2,2
PARL00000820,25,1413,49912,5574,1,509,2,437,0,0,0,73648,0,7.0465622473693825,0,0,0,2,2,3,1,3,3
PARL00000821,29,707,30972,1096,1,1465,0,498,0,0,0,54961,0,9.335706810354662,0,1,0,0,5,4,3,4,1
PARL00000822,116,2464,33681,5483,0,1654,10,854,0,0,1,22983,10,1.2080383358235607,0,1,0,0,5,2,5,2,2
PARL00000823,42,1315,308614,1000,0,5798,2,185,0,1,0,16801,6,3.550642763186571,3,2,0,0,3,2,1,5,1
PARL00000824,33,997,59906,1020,1,435,0,31,0,1,0,65752,2,18.877331931906195,0,2,1,1,4,4,2,2,1
PARL00000825,22,1323,111938,1936,1,2052,0,1271,0,1,1,48670,0,6.699339203116831,2,1,0,0,2,5,4,3,2
PARL00000826,7,1648,31801,5340,1,3399,0,228,0,1,0,69533,0,1.956957635205879,0,1,1,0,3,2,4,4,2
PARL00000827,21,1336,32084,9503,0,1643,0,390,0,0,0,24919,2,1.0480234606643093,0,1,0,0,2,1,4,2,2
PARL00000828,11,600,142285,4526,0,588,0,439,1,0,0,42582,4,5.84225607289305,1,0,0,0,3,1,5,1,1
PARL00000829,73,2831,20339,2002,0,609,1,316,4,0,0,60437,2,6.34702430182563,1,2,0,1,3,2,1,2,1
PARL00000830,33,3420,42951,6279,1,80,0,91,1,1,0,34053,7,3.256704811852751,1,0,0,1,2,4,3,1,3
PARL00000831,56,2504,61526,1000,0,728,0,562,0,1,0,60221,0,7.963018456718601,0,2,0,0,3,3,3,5,1
PARL00000832,14,1023,65453,1480,0,2729,0,651,4,0,1,43158,0,0.569259009155306,0,1,0,0,2,3,4,5,1
PARL00000833,12,1634,51881,3543,1,97,0,322,1,0,1,45420,2,1.2545376586479426,0,2,0,0,1,3,4,4,1
PARL00000834,39,1802,82179,5701,1,495,0,268,0,0,0,27245,6,6.32209114302071,2,1,1,0,3,4,5,4,4
PARL00000835,11,2439,104222,2823,0,2449,0,48,3,0,0,48770,3,0.5104708867079114,0,1,0,0,3,1,2,2,1
PARL00000836,17,2525,107765,2589,1,3052,1,35,0,1,0,77891,1,17.022923190984848,0,1,0,0,3,3,1,1,2
PARL00000837,75,1252,27210,2712,4,1215,1,165,0,1,0,50820,3,1.2265743118784924,0,1,0,1,2,5,2,4,3
PARL00000838,18,1883,47699,6980,0,2395,0,148,1,0,0,33124,1,8.964897142390871,0,1,0,0,3,2,3,3,1
PARL00000839,6,2272,155719,1732,0,981,0,1228,0,0,2,65933,0,3.9701690058130796,1,3,0,2,2,4,2,3,2
PARL00000840,4,3744,122481,1391,0,348,0,612,0,0,0,33576,5,4.083775457807726,1,0,0,1,3,3,4,4,1
PARL00000841,5,2571,19964,2678,0,1015,0,431,3,1,1,70816,1,11.58159827423788,0,1,0,2,5,1,2,3,4
PARL00000842,58,2682,79315,7641,0,1734,3,291,0,0,1,25875,9,5.5365762167236685,2,2,0,0,2,2,1,1,2
PARL00000843,15,1885,12300,1909,0,5915,0,73,0,0,0,49090,4,10.34696424434271,0,4,1,0,3,3,3,4,1
PARL00000844,114,3660,62165,2705,0,142,2,1535,0,0,1,67894,0,5.628671294137461,0,4,4,0,2,3,4,3,1
PARL00000845,68,2219,273269,1000,0,1416,0,188,1,1,0,31997,3,7.189676353451168,0,0,0,0,3,3,2,4,3
PARL00000846,87,1175,28048,2795,0,797,1,45,1,0,0,46247,3,11.44078730945904,1,8,0,0,3,2,4,3,1
PARL00000847,50,3647,30716,3943,0,1419,1,272,0,1,0,62359,0,7.47785265008126,0,1,1,0,5,3,3,2,2
PARL00000848,38,2563,110329,1097,0,48,0,828,1,0,1,15000,9,7.6488872726477135,0,0,0,0,3,2,2,2,2
PARL00000849,12,1448,17426,6989,6,750,0,873,1,0,1,58903,3,12.455507240760404,0,0,1,0,3,3,1,4,2
PARL00000850,24,1422,36090,3906,1,3428,0,4,0,0,0,43681,5,23.821066941883835,2,0,0,1,3,3,4,3,1
PARL00000851,41,2097,96485,2167,1,1614,0,869,0,0,1,66629,0,3.782026018347089,0,0,0,0,2,3,2,3,1
PARL00000852,48,2279,36046,3927,3,1197,0,126,0,1,0,32587,11,6.8852808458852826,3,3,1,0,5,1,5,3,2
PARL00000853,8,1995,49574,4718,0,672,0,15,1,0,0,24198,12,0.7217888948811769,0,1,1,0,3,2,3,3,1
PARL00000854,21,2112,108591,1000,1,707,0,752,0,2,1,36854,3,3.55535928245064,0,3,0,0,1,2,2,2,1
PARL00000855,23,4230,83887,4039,0,966,0,797,0,0,1,36541,4,4.248896416695771,0,2,1,0,3,2,2,2,2
PARL00000856,22,3089,74121,7461,0,3610,0,362,1,0,1,41902,1,14.425992993493178,4,1,1,1,3,2,1,2,1
PARL00000857,9,1988,45647,1711,0,6835,0,341,0,0,0,37971,7,5.762377876361244,1,3,0,0,1,3,3,2,1
PARL00000858,80,2894,80502,2205,1,1154,1,670,1,0,2,15000,0,10.506325365698391,0,0,1,0,3,4,3,3,3
PARL00000859,20,1078,54231,2514,1,999,0,617,1,0,0,43575,8,0.15352290235626712,1,1,0,0,3,3,4,2,1
PARL00000860,10,2206,86356,5745,0,3748,0,883,1,0,0,48476,2,4.996325602816103,1,3,1,1,3,3,2,2,1
PARL00000861,82,4467,40233,1285,2,1113,0,321,1,0,0,42101,0,18.526794615325507,1,4,0,1,1,1,2,2,3
PARL00000862,68,1621,51737,4564,2,1606,0,1372,1,0,0,49302,2,2.0320589035312455,4,1,0,0,5,5,1,2,2
PARL00000863,27,1183,27120,2552,0,525,0,2223,1,0,0,46274,3,0.2562376261686821,0,1,0,1,2,2,2,5,1
PARL00000864,17,1304,58220,9797,2,2721,0,49,1,0,0,24270,2,4.544936847628075,4,3,1,1,3,3,3,1,1
PARL00000865,5,1048,31294,2672,0,1518,0,757,0,0,3,40487,0,9.75084594688116,1,2,0,1,4,5,5,3,1
PARL00000866,36,1221,24557,1000,0,3311,0,277,1,0,0,46708,3,4.84788461918021,0,0,0,1,2,3,3,2,2
PARL00000867,16,1502,73638,5182,0,3034,1,196,0,0,0,41442,0,4.929167840527138,1,2,0,0,2,2,4,4,1
PARL00000868,24,895,70982,4399,0,484,0,379,0,0,0,22608,5,8.864576118716368,0,0,0,1,2,3,2,5,1
PARL00000869,77,1822,112005,3784,0,2514,1,23,0,0,0,63346,2,2.348408042987375,0,0,0,0,2,1,1,3,3
PARL00000870,15,2838,42408,7324,1,3219,0,282,2,0,1,30417,9,11.151057943904686,0,5,2,1,2,3,2,4,1
PARL00000871,35,1148,82987,1000,0,849,0,818,2,2,2,26367,9,1.3295090573106911,2,2,0,0,3,3,2,2,1
PARL00000872,42,3864,93026,1500,1,378,0,96,1,1,1,45612,0,4.030146088908386,0,1,0,0,3,4,3,1,1
PARL00000873,57,2334,85461,3215,0,5,0,222,1,0,1,40263,4,8.537097544183453,0,1,0,0,3,1,2,2,1
PARL00000874,23,3026,30929,3636,0,1198,0,1121,0,1,1,54021,0,14.099267981518102,0,2,0,0,1,4,4,2,2
PARL00000875,21,1301,67473,2865,0,869,0,223,0,0,0,58089,6,12.543722169780672,0,3,1,0,4,4,5,2,1
PARL00000876,20,2771,80122,1000,1,1618,0,177,0,0,0,55808,4,10.232030932621909,0,1,0,0,2,2,2,2,1
PARL00000877,32,1047,60218,2223,0,416,0,232,1,0,0,44973,5,3.5590095815892777,1,3,0,0,3,3,4,3,1
PARL00000878,66,2821,11280,9349,3,3927,0,293,0,0,0,53299,4,1.0436427770284247,3,4,0,0,1,3,3,4,1
PARL00000879,20,1970,68076,1228,0,596,0,399,1,0,0,21599,5,1.9552870265443727,2,1,0,1,2,3,2,2,3
PARL00000880,1,2384,351521,3161,0,513,0,645,0,0,1,61415,0,16.010002035757495,0,2,0,1,3,2,5,1,1
PARL00000881,46,1004,44889,4576,1,1310,1,240,2,0,0,38927,1,15.577844891285931,1,3,0,0,3,1,2,3,2
PARL00000882,26,1155,33441,5631,0,1381,1,680,0,0,0,74549,0,24.21957568279385,0,3,0,0,3,4,4,3,1
PARL00000883,36,2437,80714,5165,0,484,0,305,1,2,0,61871,0,0.6322474073403063,1,0,0,1,3,2,2,1,1
PARL00000884,5,1125,76872,2091,0,634,0,165,0,0,0,42040,0,6.156927736580548,0,2,1,1,5,2,2,1,1
PARL00000885,16,2279,155466,1494,0,371,0,429,0,1,1,45321,2,8.368531656080332,0,3,1,0,3,4,3,3,4
PARL00000886,43,912,21888,9848,0,2534,1,505,0,0,0,62760,2,9.921149972748212,1,2,0,0,3,3,4,2,2
PARL00000887,7,2763,107484,6015,0,2940,0,326,3,0,0,15000,6,8.259523604687978,0,1,1,1,2,3,1,4,1
PARL00000888,35,976,96022,3393,0,1241,0,23,0,1,0,42596,2,11.757803940795457,1,2,0,0,1,3,1,2,2
PARL00000889,24,2383,53438,8179,0,2504,0,74,0,0,0,70521,2,3.5636942500153412,1,1,0,0,3,3,3,1,1
PARL00000890,13,2472,78507,1000,0,2663,0,134,1,0,1,57672,5,1.582075492547045,0,3,0,0,3,3,1,3,1
PARL00000891,12,1276,136429,1000,0,297,0,132,0,0,0,32434,3,1.8311139312900877,0,2,0,0,3,5,3,5,1
PARL00000892,10,2418,120313,3606,0,6773,0,447,1,0,1,49717,3,0.09640809683762193,2,1,1,0,2,2,4,3,1
PARL00000893,26,2059,23994,3733,0,3441,0,7,0,0,1,30349,7,3.450225812753419,0,3,0,0,4,2,4,2,1
PARL00000894,28,1381,115396,1000,0,457,1,563,2,0,0,39877,1,0.7698324624913475,0,5,0,1,5,1,4,1,1
PARL00000895,18,1091,56854,5866,1,411,0,123,1,0,1,50007,0,3.102833078682404,1,2,0,3,3,3,5,3,1
PARL00000896,9,677,63468,1000,0,268,0,148,0,0,1,52647,4,7.915410462324665,0,0,0,1,4,3,4,2,3
PARL00000897,34,2153,63484,4204,0,297,0,300,2,1,1,55941,2,17.99069075023546,0,1,0,0,4,2,5,3,3
PARL00000898,46,826,53093,4912,0,2757,0,97,0,0,1,63506,5,14.640948542868657,0,3,0,0,5,3,2,3,1
PARL00000899,39,1896,155339,3574,1,1268,0,863,0,0,1,27094,2,2.330032482839157,4,3,1,0,3,2,3,2,1
PARL00000900,89,1584,55995,1000,1,3055,3,35,1,0,0,45360,2,1.151731057486257,1,2,0,0,4,3,5,1,2
PARL00000901,21,2539,24449,7272,0,2742,0,235,0,0,0,32244,1,1.7161693866471455,1,2,0,0,2,5,3,4,2
PARL00000902,62,1554,43703,2150,0,1855,2,757,0,0,0,39017,1,28.31999420564532,0,1,0,0,3,3,4,3,4
PARL00000903,14,1533,69075,2155,0,2319,0,382,0,0,1,33683,5,6.378724437371167,1,2,0,1,4,1,1,4,2
PARL00000904,12,2606,160070,1816,0,37,0,138,0,0,0,52491,4,1.612056763849472,0,3,0,0,4,2,4,2,1
PARL00000905,27,2137,97000,5290,0,747,1,218,1,0,1,60795,3,14.698046707422066,1,0,1,0,2,1,3,3,1
PARL00000906,71,2117,30320,2066,0,2031,2,490,0,1,0,61605,0,4.022743817801341,0,2,1,0,4,4,2,1,1
PARL00000907,19,2286,437202,1121,0,18,0,1448,2,0,0,28422,8,18.358693673200325,2,2,1,1,3,3,1,2,1
PARL00000908,5,839,73999,6341,0,67,0,894,0,0,0,43150,0,2.4161643835838538,1,0,0,0,2,5,2,3,1
PARL00000909,46,2639,166094,3103,0,3819,3,167,1,1,1,28006,2,3.9967351234445725,0,3,1,0,3,4,5,4,1
PARL00000910,23,2455,53030,6492,0,2304,0,2527,1,0,0,27506,6,5.624735938114518,0,3,0,0,4,3,3,2,2
PARL00000911,31,1087,91737,3281,0,616,0,1,0,0,1,35074,5,17.85070306083082,0,2,0,0,5,4,5,4,2
PARL00000912,13,1600,117192,1712,0,2329,1,11,0,0,1,50149,3,16.245664006930255,1,1,1,0,4,4,3,3,1
PARL00000913,27,1772,158665,1000,0,3144,0,694,2,0,0,52783,1,6.833198229052614,0,2,1,0,1,2,5,2,3
PARL00000914,6,1690,139510,3617,0,732,0,88,0,0,0,54813,5,2.0059219886895576,0,3,0,0,2,3,3,4,1
PARL00000915,81,2136,120301,2519,0,73,4,25,0,0,0,53885,2,4.131490296304136,0,2,0,1,1,3,2,3,3
PARL00000916,52,3698,46533,5443,1,5399,0,108,0,0,1,32282,0,29.71622562914644,1,2,0,0,2,3,2,3,3
PARL00000917,26,3105,37896,1987,3,846,0,222,1,0,0,62741,1,7.48732076758034,0,3,1,0,3,2,5,3,1
PARL00000918,45,938,78126,4296,1,225,2,524,3,0,1,57049,4,12.153040153989554,4,2,1,0,3,2,2,3,1
PARL00000919,14,2467,126311,3180,0,1353,0,391,0,0,0,38809,0,4.780728180615608,4,1,1,1,2,2,2,4,1
PARL00000920,50,3513,50102,1584,0,2926,3,108,0,0,1,39376,4,6.074420232436584,1,1,1,1,4,1,1,2,2
PARL00000921,19,2193,140384,2122,0,501,0,279,0,1,1,35136,1,4.482285669513456,0,2,0,1,3,5,2,1,2
PARL00000922,17,3119,191394,1000,0,628,0,1042,0,1,0,25622,4,9.710057406078047,0,1,0,0,4,3,4,4,3
PARL00000923,10,4945,28765,10300,2,556,0,674,0,2,1,54990,3,15.255801176848282,1,0,0,0,3,3,3,4,1
PARL00000924,34,3016,30652,4229,3,9576,0,156,0,1,1,57330,6,5.663870297215123,1,3,0,0,3,3,3,2,2
PARL00000925,25,2048,53514,1000,1,439,0,1612,1,0,0,31109,7,5.244768400556073,0,1,1,0,3,3,5,2,4
PARL00000926,63,3048,76579,9955,1,1713,0,493,3,0,0,26522,4,3.327596633943428,4,4,0,0,3,5,3,3,1
PARL00000927,9,1943,39353,1212,2,5187,0,25,0,0,0,30951,3,1.5593326018945985,0,2,0,1,3,3,4,1,1
PARL00000928,34,1829,176621,1959,0,317,0,14,0,0,1,46653,7,22.40760571141333,0,3,0,0,3,4,2,3,1
PARL00000929,55,1516,84057,2666,0,7070,1,73,0,1,1,24270,12,3.039311327430885,0,1,1,1,4,3,5,1,1
PARL00000930,28,3950,61793,3239,0,5893,0,520,0,0,0,61917,1,12.903209765119508,0,1,1,1,5,4,1,3,1
PARL00000931,18,1200,18982,5343,6,4318,0,81,1,0,1,61019,0,10.05187567332634,0,3,0,0,3,4,4,1,1
PARL00000932,28,3890,20896,1000,0,483,0,286,0,0,1,51365,5,12.520214781390141,1,2,0,0,2,5,3,3,1
PARL00000933,60,2321,74967,3278,0,2010,0,39,1,0,0,57146,3,22.08757508887248,1,1,0,3,5,1,2,3,2
PARL00000934,60,898,10871,2559,0,2861,2,1014,0,1,1,45881,2,7.811952194392346,0,3,1,1,4,2,2,3,2
PARL00000935,22,2172,134606,3665,0,8541,0,168,1,0,1,51977,4,18.258366036585166,0,0,0,0,3,2,2,2,2
PARL00000936,59,632,52758,2459,1,397,2,954,1,1,0,25497,2,1.4684728779324858,4,1,1,1,4,3,1,1,1
PARL00000937,24,2471,801687,2201,0,2905,1,1159,1,0,0,65857,3,7.883252657884179,0,2,0,0,1,3,3,2,1
PARL00000938,45,2814,379394,2913,0,827,0,2,0,0,0,37689,9,11.836953678585274,3,2,1,0,1,2,5,3,1
PARL00000939,37,1344,51784,9596,0,386,1,249,1,0,0,43067,4,2.5356911997761813,2,2,1,1,2,4,3,3,1
PARL00000940,18,1923,54991,2236,0,1094,1,9,0,1,1,82308,2,10.799816757038519,0,1,0,0,2,2,3,1,1
PARL00000941,11,4803,132782,7052,0,3158,0,957,0,0,0,41699,4,12.057824688096325,0,1,0,1,3,4,1,4,1
PARL00000942,56,1404,233874,3551,0,1250,0,292,0,0,0,56091,4,14.231754790017085,2,3,0,0,2,2,1,4,4
PARL00000943,67,1064,16148,3429,0,1542,1,31,0,0,1,52717,6,3.00200454703402,0,2,0,0,4,3,3,3,1
PARL00000944,33,3792,14341,3691,0,10661,0,46,1,1,2,25007,9,9.155740183927207,2,4,1,1,3,3,5,2,1
PARL00000945,24,4823,36401,4566,1,1018,0,193,1,1,2,30003,3,2.9021567826013017,0,3,0,0,3,3,4,4,1
PARL00000946,8,1811,95433,2380,0,1911,0,1126,0,0,0,75538,0,10.747117000052139,0,2,0,0,1,1,2,4,2
PARL00000947,55,2998,89098,6728,0,909,2,472,2,0,0,53687,1,4.973665159829843,2,1,0,0,3,4,3,5,1
PARL00000948,30,3535,140901,4574,0,997,0,808,0,0,0,44746,4,7.28136348379034,1,3,2,0,2,3,3,2,2
PARL00000949,20,1247,22930,1005,0,2379,0,182,0,0,1,36965,3,4.300642634292391,0,0,0,0,4,4,3,5,1
PARL00000950,45,1418,9387,1000,3,5557,1,17,0,0,1,49801,4,1.4137344409239816,1,2,0,0,4,4,3,1,1
PARL00000951,6,3345,118944,9403,0,1563,0,1464,1,1,0,51227,3,1.5684064693228739,0,0,0,1,3,3,4,3,1
PARL00000952,10,4198,30867,3778,0,2925,0,6,1,0,1,48397,4,0.6459408166117784,1,2,0,1,2,5,1,3,2
PARL00000953,14,2395,11910,1000,6,186,0,1179,0,0,1,61034,1,7.7001995962317,0,3,0,0,4,4,5,3,1
PARL00000954,36,1164,67241,2234,0,474,2,183,1,0,0,31997,5,15.104668715091211,1,2,0,0,3,5,1,3,1
PARL00000955,28,4883,112931,6013,0,1394,0,4,0,0,0,29989,10,0.16845581160460416,0,1,0,1,2,4,3,2,1
PARL00000956,39,1386,54304,2780,1,40,2,467,3,0,0,60646,1,0.5482823988393011,1,0,1,1,3,4,5,4,2
PARL00000957,53,1529,41511,2980,1,582,0,1575,0,0,1,76690,3,4.892050813897223,2,2,0,0,5,3,3,3,1
PARL00000958,40,2145,52707,5265,1,1457,4,1348,1,0,0,57638,3,10.706763603146165,0,0,1,0,2,2,1,5,2
PARL00000959,82,3932,44512,4047,2,30,4,70,1,1,1,64466,2,1.3730248775889928,0,1,0,0,5,5,2,1,1
PARL00000960,53,2771,20364,4813,0,614,0,79,0,0,2,43877,0,2.5358031102830996,0,1,1,0,1,4,3,3,4
PARL00000961,22,2224,33801,5226,0,1443,0,333,1,0,1,48991,2,2.1117889636220073,1,1,0,0,1,2,1,3,1
PARL00000962,16,2279,90855,1754,0,1702,0,405,0,0,1,48789,1,4.0739645639450535,1,1,0,0,3,3,3,3,1
PARL00000963,23,1847,77446,1900,0,5200,0,537,0,1,1,44168,0,2.039124340449163,1,0,1,0,2,3,2,4,1
PARL00000964,41,2390,68490,1575,0,2073,0,79,0,0,2,66169,1,3.4783111705545036,0,3,0,0,3,3,4,2,2
PARL00000965,17,510,27007,1990,2,1071,0,1277,0,1,0,61737,6,10.431600424539084,0,0,0,0,2,1,1,2,2
PARL00000966,42,1558,51781,2891,1,5328,0,407,0,0,1,39011,4,7.553597684742567,1,3,0,0,3,2,3,4,1
PARL00000967,38,2039,10491,3057,3,3073,2,751,0,0,1,20316,8,0.6773351756016018,0,2,0,0,2,4,3,3,1
PARL00000968,10,1016,69063,8014,0,446,0,310,1,0,0,44046,4,8.12326987534428,0,0,0,0,4,3,3,2,1
PARL00000969,52,2193,187791,3906,0,280,0,213,1,1,0,27680,2,5.186571050937255,4,1,0,1,4,3,2,3,2
PARL00000970,32,1632,18410,2936,3,2252,0,1512,1,0,0,45355,2,21.81365422707103,1,0,0,1,5,4,3,3,1
PARL00000971,80,4349,37468,1283,1,1641,1,349,3,0,0,28862,2,2.7320876288567777,2,3,0,0,4,4,3,3,2
PARL00000972,24,3969,77908,2500,0,3118,0,806,0,0,0,63847,2,10.361877826267763,0,2,1,0,3,2,1,1,2
PARL00000973,19,1432,163125,9873,1,2684,0,1225,3,0,0,55266,1,10.500213173816853,1,0,0,0,3,1,4,3,3
PARL00000974,9,1676,41832,9771,0,1962,0,450,1,0,0,54901,3,2.003098327453539,0,1,1,0,4,3,4,3,1
PARL00000975,9,1742,34413,2476,1,8592,0,318,0,0,0,61082,5,18.682818992832875,0,2,0,0,2,4,1,4,1
PARL00000976,48,1442,12392,1000,0,1525,0,1,0,0,1,50866,4,5.40533799582183,2,2,0,0,3,2,3,4,3
PARL00000977,74,1993,65039,2217,0,240,1,16,0,1,0,53202,2,9.087607030569862,0,1,0,0,4,3,3,3,2
PARL00000978,23,1237,306710,8072,0,3523,0,89,2,0,0,66520,1,1.26123971758729,2,0,0,1,2,4,1,2,1
PARL00000979,21,1027,74748,2907,0,580,0,82,1,0,1,42982,4,2.3851344632957288,0,1,0,0,5,5,2,1,1
PARL00000980,26,2468,58816,5269,0,3003,0,117,1,1,0,54076,2,7.05718462091461,0,1,0,1,3,3,5,2,3
PARL00000981,54,2476,77471,3171,1,6298,1,145,2,1,0,29202,2,3.073864122388452,2,4,0,0,3,1,3,1,2
PARL00000982,10,1209,59345,1000,0,2386,0,178,0,1,1,46189,3,5.540265649781727,0,1,1,1,4,2,5,4,3
PARL00000983,29,2828,31244,3258,1,1812,1,218,1,0,0,78889,2,3.747305708997287,0,1,1,0,3,2,3,4,1
PARL00000984,49,1318,115684,5761,0,1233,3,41,0,0,0,57222,3,8.18552604782768,1,1,0,0,5,2,1,3,1
PARL00000985,36,2052,71726,1966,0,906,1,17,1,1,0,43710,5,5.342102657696735,2,3,0,0,5,3,1,2,1
PARL00000986,0,2724,60723,5657,0,870,0,448,1,2,1,48968,1,0.03696475597891335,0,2,0,0,3,3,4,1,1
PARL00000987,40,1777,27438,3415,2,2023,0,308,0,0,2,44685,1,8.391285187476834,1,3,1,0,2,2,3,4,1
PARL00000988,36,2269,169872,5451,1,2782,0,234,1,0,0,48475,1,4.387133909939416,0,1,0,0,2,4,1,4,2
PARL00000989,62,1396,101901,4089,0,2269,1,402,0,1,0,39014,3,3.344736028875983,1,0,0,0,3,3,3,2,2
PARL00000990,71,1638,38471,1363,1,442,4,703,0,1,0,52423,0,0.7910237143728225,1,2,0,1,4,3,4,3,3
PARL00000991,60,1631,133447,2521,0,1362,2,223,0,0,0,52954,0,1.9914834713507954,1,4,0,1,2,5,4,2,1
PARL00000992,26,1244,40212,2456,1,3136,0,409,1,0,0,45099,2,2.0264749052732913,0,2,0,0,2,3,2,2,1
PARL00000993,5,1655,32029,1888,0,1291,0,1227,2,0,0,47100,0,21.912550673452284,1,2,0,1,1,5,2,1,1
PARL00000994,21,833,32605,3857,1,1538,0,732,1,1,1,50111,2,4.5322991430196105,0,2,1,0,3,2,5,3,3
PARL00000995,25,1414,14518,11040,3,2949,0,222,0,0,2,37091,3,0.3438098993490552,0,2,1,0,4,2,4,1,2
PARL00000996,74,1568,87311,6734,0,2165,2,413,0,0,0,52279,4,1.1955830768615658,0,1,0,0,1,3,2,1,2
PARL00000997,13,1590,13836,7347,0,1053,0,77,0,0,0,56702,5,0.6586457751485776,3,0,0,1,2,3,4,1,4
PARL00000998,7,1602,22409,1791,0,4515,0,328,1,0,0,66972,3,7.110754636680548,0,0,0,0,3,2,2,2,1
PARL00000999,17,1753,11379,7429,0,354,0,1592,0,0,0,49775,1,1.6524696619993777,0,2,0,0,4,3,2,3,2
PARL00001000,13,2297,55890,9101,1,10814,0,292,2,1,0,36665,3,5.522132911536401,0,2,0,0,4,1,2,2,3
